,29,1,2,3,4,5,6,7,8,9,10,11,12,13,14,15,16,17,18,19,20,21,22,23,24,25,26,27,28,29
29,29,29,29,29,29,29,29,29,29,29,29,29,29,29,29,29,29,29,29,29,29,29,29,29,29,29,29,29,29,29
1,29,1,2,2,2,4,4,4,4,4,4,4,4,2,2,4,6,4,4,4,4,4,4,2,2,6,6,6,24,29
2,29,2,1,2,2,4,2,4,4,2,2,4,4,2,2,4,6,4,4,4,4,4,4,2,2,6,6,6,24,29
3,29,2,2,1,2,4,4,4,4,4,4,4,4,2,2,4,6,4,4,4,4,4,4,2,2,6,6,6,24,29
4,29,2,2,2,1,4,4,4,4,4,4,4,4,2,2,4,6,4,4,4,4,4,4,2,2,6,6,6,24,29
5,29,2,2,2,2,1,2,10,10,2,2,11,10,2,2,10,5,10,10,10,10,10,10,2,2,5,5,5,24,29
6,29,2,2,2,2,3,1,10,10,2,2,11,10,2,2,10,5,10,10,10,10,10,10,2,2,5,5,5,24,29
7,29,2,2,2,2,3,3,1,2,3,3,3,2,2,2,2,5,28,28,2,2,2,2,5,2,5,5,5,24,29
8,29,2,2,2,2,3,2,2,1,2,2,3,2,2,2,2,5,2,2,2,2,2,2,5,2,5,5,5,24,29
9,29,2,2,2,2,3,2,10,10,1,1,11,10,2,2,10,5,11,10,10,10,10,10,5,2,5,5,5,24,29
10,29,2,2,4,2,4,2,4,4,1,1,4,24,2,2,4,18,4,4,4,4,4,4,24,24,6,24,24,24,29
11,29,4,4,4,4,4,4,15,15,4,4,1,24,2,2,4,18,4,2,2,2,2,2,24,24,6,24,24,24,29
12,29,8,8,8,8,27,27,8,8,27,27,27,1,2,2,8,12,8,8,8,8,8,8,12,8,12,25,12,24,29
13,29,8,8,8,8,27,27,8,8,27,27,23,23,1,2,8,12,8,8,8,8,8,8,25,23,12,25,12,24,29
14,29,8,8,8,8,27,27,8,8,27,27,23,23,2,1,8,12,8,8,8,8,8,8,25,23,12,25,12,24,29
15,29,3,3,3,3,3,3,3,3,3,3,24,24,2,2,1,5,3,2,2,2,2,2,5,24,5,5,5,24,29
16,29,2,2,2,2,2,2,2,2,2,2,24,24,2,2,2,1,2,2,2,2,2,2,5,24,2,5,5,22,29
17,29,2,2,2,2,3,3,2,2,3,3,3,23,2,2,2,5,1,2,2,2,2,2,5,2,5,5,5,24,29
18,29,2,2,2,2,3,3,2,2,3,3,3,2,2,2,2,5,2,1,2,2,2,2,5,2,5,5,5,24,29
19,29,2,2,2,2,13,13,23,23,14,14,26,23,2,2,2,25,19,19,1,19,2,19,25,23,20,25,20,24,29
20,29,3,3,3,3,3,3,16,16,2,2,24,24,2,2,2,5,2,2,2,1,2,2,5,24,5,5,5,24,29
21,29,2,2,2,2,3,3,2,2,3,3,3,2,2,2,2,5,2,2,2,2,1,2,5,2,5,5,5,24,29
22,29,2,2,2,2,3,3,2,2,3,3,3,2,2,2,2,5,2,2,2,2,2,1,5,2,5,5,5,24,29
23,29,2,2,2,2,3,3,10,10,3,3,10,10,2,2,10,5,10,10,10,10,10,10,1,2,5,2,5,24,29
24,29,8,8,8,8,27,8,8,8,8,8,8,23,8,8,8,12,8,8,8,8,8,8,6,1,6,6,6,24,29
25,29,2,2,2,2,2,2,10,10,2,2,3,10,2,2,10,5,10,10,10,10,10,10,2,30,1,5,5,24,29
26,29,21,21,21,21,21,21,21,21,21,21,21,21,21,21,21,21,21,21,21,21,21,21,21,21,21,21,21,24,29
27,29,21,21,21,21,21,21,21,21,21,21,21,21,21,21,21,21,21,21,21,21,21,21,21,21,21,21,21,24,29
28,29,21,21,21,21,21,21,21,21,21,21,21,21,21,21,21,21,21,21,21,21,21,21,21,21,21,21,21,21,29
