,SHIP PRE CARGO MATRIX ,,
, WHITE OIL PETROLEUM PRODUCTS & COMPONENTS,,
,,I have read and understood  the information  ,
,,on this page and accept the limitation of liability,
,,,
,,,
1,PURPOSE,,
1.1,"This tool has been developed by Shell to specifically provide guidance to Shell Group Owned and Time Chartered vessels, and as such is an integral part of the Shell Charterer's Instructions. The tool is also for use by Shell staff employed in the roles of Trading & Shipping Operators,  Supply Schedulers,  Marine Technical Advisors and other water-front functions.  Where a third party makes use of any Information contained in this tool then Shell accept no liability in any way whatsoever.",,
,,,
2,AUDIENCE,,
2.1,"This  tool has been developed by Shell to specifically provide guidance to Shell Group Owned and Time Chartered vessels, and as such is an integral part of the Shell Charterer's Instructions. The tool is also for use by Shell staff employed in the roles of Trading & Shipping Operators,  Supply Schedulers,  Marine Technical Advisors and other water-front functions.  Where a third party makes use of any Information contained in this tool then Shell accept no liability in any way whatsoever.
",,
,,,
3,SAFETY,,
3.1,"This document does not purport to address all the safety risks involved in cargo storage, transit, and tank cleaning.  Tank cleaning methods employed by a given operator must comply with the recommendations contained within the current issue of the ""International Safety Guide for Oil Tankers and Terminals"", herein ""ISGOTT""",,
,,,
4,SCOPE AND LIMITATIONS,,
4.1,"The tool is limited to dealing with “white-oil” liquid petroleum fuel and component cargoes only, i.e. cargoes that have a Colour no higher than 2.5 on the ASTM or NPA scale. ",,
4.2,"The tool does not deliberately encompass the loading of LPG, Black Oil’s and high purity Petrochemical cargoes.",,
4.3,"The tool explicitly forbids any so called “black-oils” as a last cargoes, i.e. Heavy Fuel Oil, Slurry, Dirty Condensate and Crude Oil, as these require ""special"" tank cleaning preparations. ",,
4.4,"Where a vessel declares a last cargo as a “black-oil”, then Tank Cleaning may be considered as a mechanism to render the tank(s) suitable to take the product, although this is by exception, and should not be conducted without the explicit guidance and permission of the Charterer.",,
4.5,"The use of chemical cleaning agents, such as detergents or caustic soda, is not allowed without the explicit permission of the Charterers.",,
5,ALTERNATIVE TECHNIQUES & RESPONSIBILITY,,
5.1,"It is recognised that some vessels are equipped with very effective tank stripping systems (super stripping etc). It is also recognised that a vessels crew may have specific knowledge of cargo tank preparative procedures, that are effective, but which may differ from the recommendations herein; for example, experience gained from the frequent transit of cargoes between the same ports. Notwithstanding, vessel owners and operators are responsible for ensuring that cargo tanks are sufficiently clean to take a nominated cargo.",,
,,,
6,LOGIC EMPLOYED IN THE GUIDE,,
6.1,"This tool has been generically based upon current knowledge of the different vessel hardware and operational designs employed in the shipping industry. Therefore the particular guidance may not necessarily be the most appropriate for the operation at hand, and at times may be overly or under prescriptive. ",,
6.1,The tool was formulated with consideration of the following;,,
,a),"The typical volumes, per preparation method, of last cargo left in the vessel cargo tanks and lines, post discharge. This would Include any Remaining On Board volume at the tank bottom (ROB), the likely tank wall “clingage” amount and anticipated vapour left in the tank space. ",
,b),"The Physical and Chemical Characteristics of both the last cargo and of that to be loaded, particularly those critically affected, such as; Flash point, Sulphur, Benzene, Oxygenates (MtBE etc), Lead, Viscosity (clingage), Boiling range, Colour and Odour",
6.3,The logic used in this tool also assumes that;,,
,a),All the ships pipelines are fully drained of previous product. ,
,b),That the suggested tank preparations are carried out effectively.,
,,,
7,FURTHER NOTES ON DEFINITIONS,,
7.1,"Where the tool states that a product is ""Not Compatible"" with a tank(s) previous contents, then that product should not be loaded into that tank(s). Tank Cleaning may be considered as a mechanism to render the tank(s) suitable to take the product, but this is by exception, and should not be conducted without the explicit guidance and permission of the Charterer, or for Shell Trading , the Quality Assurance Department STO/3.",,
7.2,"Where the Matrix states ""Not Compatible"" with Aviation Grades, the product to be loaded, even after Tank Cleaning, is still forbidden.  At least one acceptable buffer product cargo should be carried before considering previous cargo compatibility. If FAME, Lubes and Veg Oils have been carried in the previous 3 cargoes , this is a cause for concern. You should seek advice from the Quality Assurance Department STO/3 .",,
8,PRODUCT NAMES AND CHARACTERISTICS,,
,"This section of the guide provides general background information of the materials being handled. The data herein is based upon general knowledge of the product, and may not be fully representative of the actual material at a given production location.",,
9,ADMINISTRATION AND FEEDBACK ABOUT THIS GUIDE,,
,"This document is presently owned and controlled by the Fuels Technical Advisor within the Supply division of Shell UK Oil Products Ltd. As new product specifications, initiatives and operating practices emerge within the oil industry, it is inevitable that this guide will need to be reviewed and in some cases amended. In this regard please direct any feedback that you may have to; Quality Assurance Department STO/3.",,
,,,
Please Exit this Tool Without Saving.  Thank You.,,,
