,,,Discharged,,To Load,,Discharge,To load,Index,Check,Discharge,Check,To Load,,Select from Matrix,"=VLOOKUP(N30,Matrix,L30+2,0)"
UN1202,"AD10 - 10ppm Diesel fuel, ADO, AGO",,,,,,=FALSE(),=FALSE(),1,"=IF(H2=TRUE(),1,0)","=IF(H2=TRUE(),IF(K$30=1,J2,0),0)","=IF(I2=TRUE(),1,0)","=IF(I2=TRUE(),IF(M$30=1,J2,0),0)",,Instruction 1,"=IF(VLOOKUP(Q$1,table,2,0)="""","""",VLOOKUP(Q$1,table,2,0))"
UN 1202,"ULSD - 50ppm Diesel fuel, ADO, AGO",,,,,,=TRUE(),=FALSE(),2,"=IF(H3=TRUE(),1,0)","=IF(H3=TRUE(),IF(K$30=1,J3,0),0)","=IF(I3=TRUE(),1,0)","=IF(I3=TRUE(),IF(M$30=1,J3,0),0)",,Instruction 2,"=IF(VLOOKUP(Q$1,table,3,0)="""","""",VLOOKUP(Q$1,table,3,0))"
UN 1202,"Detergent Addivated, 10ppm Diesel fuel, V-Power Diesel",,,,,,=FALSE(),=FALSE(),3,"=IF(H4=TRUE(),1,0)","=IF(H4=TRUE(),IF(K$30=1,J4,0),0)","=IF(I4=TRUE(),1,0)","=IF(I4=TRUE(),IF(M$30=1,J4,0),0)",,,
UN 1223 & 1202,"GTL Kero & Diesel, Synthetic Distillate",,,,,,=FALSE(),=FALSE(),4,"=IF(H5=TRUE(),1,0)","=IF(H5=TRUE(),IF(K$30=1,J5,0),0)","=IF(I5=TRUE(),1,0)","=IF(I5=TRUE(),IF(M$30=1,J5,0),0)",,,
UN 1202,"Gas Oil 2000 ppm, Gasoil dyed, IGO, GOCI",,,,,,=FALSE(),=FALSE(),5,"=IF(H6=TRUE(),1,0)","=IF(H6=TRUE(),IF(K$30=1,J6,0),0)","=IF(I6=TRUE(),1,0)","=IF(I6=TRUE(),IF(M$30=1,J6,0),0)",,,
UN 1202,"2000 ppm Gasoil undyed, IGO, GOCI",,,,,,=FALSE(),=FALSE(),6,"=IF(H7=TRUE(),1,0)","=IF(H7=TRUE(),IF(K$30=1,J7,0),0)","=IF(I7=TRUE(),1,0)","=IF(I7=TRUE(),IF(M$30=1,J7,0),0)",,,
UN 1203,"10 ppm Gasoline,PU10, SU10, ULG",,,,,,=FALSE(),=FALSE(),7,"=IF(H8=TRUE(),1,0)","=IF(H8=TRUE(),IF(K$30=1,J8,0),0)","=IF(I8=TRUE(),1,0)","=IF(I8=TRUE(),IF(M$30=1,J8,0),0)",,,
UN 1203,"50 ppm Gasoline, PU50, SU50, ULG",,,,,,=FALSE(),=FALSE(),8,"=IF(H9=TRUE(),1,0)","=IF(H9=TRUE(),IF(K$30=1,J9,0),0)","=IF(I9=TRUE(),1,0)","=IF(I9=TRUE(),IF(M$30=1,J9,0),0)",,,
UN 1223,"Kerosene, Class C2 Burning Oil",,,,,,=FALSE(),=FALSE(),9,"=IF(H10=TRUE(),1,0)","=IF(H10=TRUE(),IF(K$30=1,J10,0),0)","=IF(I10=TRUE(),1,0)","=IF(I10=TRUE(),IF(M$30=1,J10,0),0)",,,
UN 1223 & 1863,"Jet A1, AVTUR, Aviation Fuel",,,,,,=FALSE(),=TRUE(),10,"=IF(H11=TRUE(),1,0)","=IF(H11=TRUE(),IF(K$30=1,J11,0),0)","=IF(I11=TRUE(),1,0)","=IF(I11=TRUE(),IF(M$30=1,J11,0),0)",,,
UN 1203,"AVGAS, 100LL, Aviation Fuel",,,,,,=FALSE(),=FALSE(),11,"=IF(H12=TRUE(),1,0)","=IF(H12=TRUE(),IF(K$30=1,J12,0),0)","=IF(I12=TRUE(),1,0)","=IF(I12=TRUE(),IF(M$30=1,J12,0),0)",,,
UN 2398 & 1149,"MTBE & ETBE, Methyl & Ethyl Tertiary Butyl Ether ",,,,,,=FALSE(),=FALSE(),12,"=IF(H13=TRUE(),1,0)","=IF(H13=TRUE(),IF(K$30=1,J13,0),0)","=IF(I13=TRUE(),1,0)","=IF(I13=TRUE(),IF(M$30=1,J13,0),0)",,,
UN 1307,"Xylene, Xylenes-C8",,,,,,=FALSE(),=FALSE(),13,"=IF(H14=TRUE(),1,0)","=IF(H14=TRUE(),IF(K$30=1,J14,0),0)","=IF(I14=TRUE(),1,0)","=IF(I14=TRUE(),IF(M$30=1,J14,0),0)",,,
UN 1294,Toluene,,,,,,=FALSE(),=FALSE(),14,"=IF(H15=TRUE(),1,0)","=IF(H15=TRUE(),IF(K$30=1,J15,0),0)","=IF(I15=TRUE(),1,0)","=IF(I15=TRUE(),IF(M$30=1,J15,0),0)",,,
UN 3295,"Benzene Heart Cut, BHC, HCB",,,,,,=FALSE(),=FALSE(),15,"=IF(H16=TRUE(),1,0)","=IF(H16=TRUE(),IF(K$30=1,J16,0),0)","=IF(I16=TRUE(),1,0)","=IF(I16=TRUE(),IF(M$30=1,J16,0),0)",,,
UN 1268,Natural Gas Condensate (crude feedstock),,,,,,=FALSE(),=FALSE(),16,"=IF(H17=TRUE(),1,0)","=IF(H17=TRUE(),IF(K$30=1,J17,0),0)","=IF(I17=TRUE(),1,0)","=IF(I17=TRUE(),IF(M$30=1,J17,0),0)",,,
UN 3295,"PyGas, Pygas-tail, Pyrolysis Gasoline",,,,,,=FALSE(),=FALSE(),17,"=IF(H18=TRUE(),1,0)","=IF(H18=TRUE(),IF(K$30=1,J18,0),0)","=IF(I18=TRUE(),1,0)","=IF(I18=TRUE(),IF(M$30=1,J18,0),0)",,,
UN 3295,"Cat Cracked Gasoline. LCCG, FRCCG",,,,,,=FALSE(),=FALSE(),18,"=IF(H19=TRUE(),1,0)","=IF(H19=TRUE(),IF(K$30=1,J19,0),0)","=IF(I19=TRUE(),1,0)","=IF(I19=TRUE(),IF(M$30=1,J19,0),0)",,,
UN 3295,"Platformate, Reformate - Mogas or Chem",,,,,,=FALSE(),=FALSE(),19,"=IF(H20=TRUE(),1,0)","=IF(H20=TRUE(),IF(K$30=1,J20,0),0)","=IF(I20=TRUE(),1,0)","=IF(I20=TRUE(),IF(M$30=1,J20,0),0)",,,
UN 1268,"Naphtha, Naphtha platfeed",,,,,,=FALSE(),=FALSE(),20,"=IF(H21=TRUE(),1,0)","=IF(H21=TRUE(),IF(K$30=1,J21,0),0)","=IF(I21=TRUE(),1,0)","=IF(I21=TRUE(),IF(M$30=1,J21,0),0)",,,
UN 3295,"Isomerate, Gasoline component",,,,,,=FALSE(),=FALSE(),21,"=IF(H22=TRUE(),1,0)","=IF(H22=TRUE(),IF(K$30=1,J22,0),0)","=IF(I22=TRUE(),1,0)","=IF(I22=TRUE(),IF(M$30=1,J22,0),0)",,,
UN 3295,"Alkylate, Gasoline component",,,,,,=FALSE(),=FALSE(),22,"=IF(H23=TRUE(),1,0)","=IF(H23=TRUE(),IF(K$30=1,J23,0),0)","=IF(I23=TRUE(),1,0)","=IF(I23=TRUE(),IF(M$30=1,J23,0),0)",,,
No UN Number,"FAME, Fatty Acid Methyl Esters",,,,,,=FALSE(),=FALSE(),23,"=IF(H24=TRUE(),1,0)","=IF(H24=TRUE(),IF(K$30=1,J24,0),0)","=IF(I24=TRUE(),1,0)","=IF(I24=TRUE(),IF(M$30=1,J24,0),0)",,,
UN 1170,"Ethanol, 100% EtOH, Ethyl Alcohol",,,,,,=FALSE(),=FALSE(),24,"=IF(H25=TRUE(),1,0)","=IF(H25=TRUE(),IF(K$30=1,J25,0),0)","=IF(I25=TRUE(),1,0)","=IF(I25=TRUE(),IF(M$30=1,J25,0),0)",,,
UN 1202,"Cycle Oil, Gas Oil & Cutter Stock",,,,,,=FALSE(),=FALSE(),25,"=IF(H26=TRUE(),1,0)","=IF(H26=TRUE(),IF(K$30=1,J26,0),0)","=IF(I26=TRUE(),1,0)","=IF(I26=TRUE(),IF(M$30=1,J26,0),0)",,,
No UN Number,"Vegetable Oils, MO, RO, PO, TO",,,,,,=FALSE(),=FALSE(),26,"=IF(H27=TRUE(),1,0)","=IF(H27=TRUE(),IF(K$30=1,J27,0),0)","=IF(I27=TRUE(),1,0)","=IF(I27=TRUE(),IF(M$30=1,J27,0),0)",,,
UN 1202,Lube Base Oil ((not a finished Lubricant),,,,,,=FALSE(),=FALSE(),27,"=IF(H28=TRUE(),1,0)","=IF(H28=TRUE(),IF(K$30=1,J28,0),0)","=IF(I28=TRUE(),1,0)","=IF(I28=TRUE(),IF(M$30=1,J28,0),0)",,,
Various,"Black Oil's inc: Crude Oil, Fuel Oil, Dirty Condensate, Waxy Dist', ",,,,,,=FALSE(),=FALSE(),28,"=IF(H29=TRUE(),1,0)","=IF(H29=TRUE(),IF(K$30=1,J29,0),0)","=IF(I29=TRUE(),1,0)","=IF(I29=TRUE(),IF(M$30=1,J29,0),0)",,,
 ,,,,,,,,,,=SUM(K2:K29),"=IF(SUM(L2:L29)=0,29,SUM(L2:L29))",=SUM(M2:M29),"=IF(SUM(N2:N29)=0,29,SUM(N2:N29))",,,
,           Select ONE grade discharged,,,,,,,,,,,,,,,
,          Select ONE grade to be loaded,,,,,,,,,,,,,,,
,,,,,,,,,Product,Note,,,,,,
,,,,,,,,,1,UN1202,"AD10 - 10ppm Diesel fuel, ADO, AGO",,,,,
,,,,,,,,,2,UN 1202,"ULSD - 50ppm Diesel fuel, ADO, AGO",,,,,
,,,,,,,,,3,UN 1202,"Detergent Addivated, 10ppm Diesel fuel, V-Power Diesel",,,,,
,,,,,,,,,4,UN 1223 & 1202,"GTL Kero & Diesel, Synthetic Distillate",,,,,
,,,,,,,,,5,UN 1202,"Gas Oil 2000 ppm, Gasoil dyed, IGO, GOCI",,,,,
,,,,,,,,,6,UN 1202,"2000 ppm Gasoil undyed, IGO, GOCI",,,,,
,,,,,,,,,7,UN 1203,"10 ppm Gasoline,PU10, SU10, ULG",,,,,
,,,,,,,,,8,UN 1203,"50 ppm Gasoline, PU50, SU50, ULG",,,,,
,,,,,,,,,9,UN 1223,"Kerosene, Class C2 Burning Oil",,,,,
,,,,,,,,,10,UN 1223 & 1863,"Jet A1, AVTUR, Aviation Fuel",,,,,
,,,,,,,,,11,UN 1203,"AVGAS, 100LL, Aviation Fuel",,,,,
,,,,,,,,,12,UN 2398 & 1149,"MTBE & ETBE, Methyl & Ethyl Tertiary Butyl Ether ",,,,,
,,,,,,,,,13,UN 1307,"Xylene, Xylenes-C8",,,,,
,,,,,,,,,14,UN 1294,Toluene,,,,,
,,,,,,,,,15,UN 3295,"Benzene Heart Cut, BHC, HCB",,,,,
,,,,,,,,,16,UN 1268,Natural Gas Condensate (crude feedstock),,,,,
,,,,,,,,,17,UN 3295,"PyGas, Pygas-tail, Pyrolysis Gasoline",,,,,
,,,,,,,,,18,UN 3295,"Cat Cracked Gasoline. LCCG, FRCCG",,,,,
,,,,,,,,,19,UN 3295,"Platformate, Reformate - Mogas or Chem",,,,,
,,,,,,,,,20,UN 1268,"Naphtha, Naphtha platfeed",,,,,
,,,,,,,,,21,UN 3295,"Isomerate, Gasoline component",,,,,
,,,,,,,,,22,UN 3295,"Alkylate, Gasoline component",,,,,
,,,,,,,,,23,No UN Number,"FAME, Fatty Acid Methyl Esters",,,,,
,,,,,,,,,24,UN 1170,"Ethanol, 100% EtOH, Ethyl Alcohol",,,,,
,,,,,,,,,25,UN 1202,"Cycle Oil, Gas Oil & Cutter Stock",,,,,
,,,,,,,,,26,No UN Number,"Vegetable Oils, MO, RO, PO, TO",,,,,
,,,,,,,,,27,UN 1202,Lube Base Oil ((not a finished Lubricant),,,,,
,,,,,,,,,28,Various,"Black Oil's inc: Crude Oil, Fuel Oil, Dirty Condensate, Waxy Dist', ",,,,,
,,,,,,,,,29,Error,No Grade or Multiple Grades Selected,,,,,
