,ID,Chemical Name,CAS Number,MARPOL,FOSFA,NIOP,EU,Relative Density,Solubility,Boiling Point (°C),Melting Point (°C),Viscosity (mPa·s),Flash Point (°C),Static Accumulator,
,1,ACETIC ACID,64-19-7,Z,A,L1,A,1.05,COMPLETE,118,17,1.31,40,,
,2,ACETIC ACID ANHYDRIDE,108-24-7,Z,A,L2,A,1.082,COMPLETE,140,-73,0.971,48,,
,3,ACETONE,67-64-1,Z,A,L2,A,0.791,COMPLETE,56,-95,0.337,-17,,
,4,ACETONE CYANOHYDRIN,75-86-5,Y,B,,,0.932,COMPLETE,119,-20,3.9,74,,
,5,ACETONITRILE,75-05-8,Z,,,,0.782,COMPLETE,81,-45,0.375,2,,
,6,"ACID OIL MIXTURE FROM SOYABEAN, CORN (MAIZE) AND SUNFLOWER OIL REFINING",,Y,,,,0.93,INSOLUBLE,,20,49 (@30°C),,,
,7,ACRYLIC ACID,79-10-7,Y,B,,,1.05,COMPLETE,141,13,1.2,49,,
,8,ACRYLONITRILE,107-13-1,Y,B,,,0.806,7.3,77,-82,0.4,0,,
,9,ADIPONITRILE,111-69-3,Z,B,,,0.97,4.5,93,1,3,93,,
[10] ALCOHOL ETHOXYLATES,,,,,,,,,,,,,,,
,10,ALCOHOL (C12-C15) POLY (20+) ETHOXYLATE,,Y,,,,0.925,COMPLETE,,6,17.58,204,,
,10,ALCOHOL (C12-C15) POLY (7-19) ETHOXYLATES,68551-13-3,Y,,,,0.958 (@50°C),10,,21,21 (@50°C),198,,
,10,ALCOHOL (C12-C15) POLY (1-6) ETHOXYLATES,,Y,,,,0.87,SLIGHT,250,11,26,140,,
,10,NEODOL 23-1 (SHELL),66455-14-9,Y,,,,0.873 (@40°C),0.5,254,1,35,148,,
,10,NEODOL 23-2 (SHELL),66455-14-9,Y,,,,0.892 (@40°C),0.5,,2,35,148,,
,10,NEODOL 23-3 (SHELL),66455-14-9,Y,,,,0.903 (@40°C),SLIGHT,,0,14.45 (@40°C),154,,
,10,NEODOL 23-5 (SHELL),66455-14-9,Y,,,,0.922 (@25°C),SLIGHT,255,1.1,,152,,
,10,NEODOL 23-6.5 (SHELL),66455-14-9,Y,,,,0.969 (@40°C),COMPLETE,,18,75,172,,
,10,NEODOL 25-3 (SHELL),68131-39-5,Y,,,,0.921 (@25°C),INSOLUBLE,260,5,50,157,,
,10,NEODOL 25-7 (SHELL),68131-39-5,Y,,,,0.97 (@40°C),COMPLETE,260,25,33 (@40°C),186,,
,10,NEODOL 25-9 (SHELL),68131-39-5,Y,,,,0.992 (@40°C),COMPLETE,,25,50 (@38°C),190,,
,10,NEODOL 45-7 (SHELL),68951-67-7,Y,,,,0.969 (@40°C),SLIGHT,260,9,50 (@38°C),190,,
,11,ALCOHOL MIXTURES (C13 AND ABOVE),,Y,A,,,0.8,INSOLUBLE,200,35,10.8,135,,
,12,ALKYLBENZENESULPHONIC ACIDS,27176-87-0,Y,,,,1,COMPLETE,315,10,1600 (Approx.),200,,
,13,ALLYL ALCOHOL,107-18-6,Y,,,,0.85,COMPLETE,97,-129,1.4,21,,
,14,ALLYL CHLORIDE,0107-05-01,Y,,,,0.94,0.3,45,-135,0.33,-29,yes,
,15,AMINOETHYL ETHANOLAMINE,111-41-1,Z,,,,1.03,COMPLETE,244,-45,135,127,,
,16,AMMONIA AQUEOUS (28% OR LESS),1336-21-6,Y,,,,0.9,AQ.SOL.,38,-58,,,,
,17,AMYL ACETATES (MIXED ISOMERS),628-63-7,Y,,,,0.9,0.2,121,-50,,21,,
[18] AMYLALCOHOLS,,,,,,,,,,,,,,,
,18,ISOAMYL ALCOHOL,123-51-3,Z,,,,0.81,2.7,132,-117,3.86,43,,
,18,N-AMYL ALCOHOL,71-41-0,Z,,,,0.815,2.2,130,-79,,46,,
,18,SEC-AMYL ALCOHOL,6032-29-7,Z,,,,0.82,16.6,119,-50,,19,,
,18,TERT-AMYL ALCOHOL,75-85-4,Z,,,,0.81,12,102,-8,,20,Yes,
,19,ANILINE,62-53-3,Y,B,,,1.022,3,184,-6,4.3,70,,
,20,AUTOMOTIVE GASOIL ULS,68334-30-5,A1,,,,0.82,INSOLUBLE,160,0,2 (@40°C),60,Yes,
,21,AVIATION GASOLINE (LEADED),,A1,B,,,0.71 (0.65-0.75),INSOLUBLE,27,-82,0.7 (@40°C),-46,Yes,
,22,AVIATION GASOLINE (UNLEADED),,A1,,,,0.71 (0.65-0.75),INSOLUBLE,35,-65,1 (@37.8°C),21,Yes,
,23,AVIATION TURBINE FUEL,8008-20-6,A1,,,,0.8,INSOLUBLE,140,-46,4 (Approx.),38,Yes,
,24,BENZENE,71-43-2,Y,,,,0.87,0.2,80,5.5,0.6,-11,Yes,
,25,BENZYL ACETATE,0140-11-4,Y,,,,1.1,0.31,214,-51,,102,,
,26,BENZYL ALCOHOL,100-51-6,Y,A,L2,A,1.05,3.5,205,-15,8,93,,
,27,BENZYL CHLORIDE,100-44-7,Y,,,,1.1,INSOLUBLE,179,-43,1.38,60,,
,28,BETA-PROPIOLACTONE,57-57-8,Y,,,,1.15,67,155,-33,,74,,
,29,BIODIESEL B10,68476-34-6,A1,,,,0.81,INSOLUBLE,149,0,2 (@40°C),52,YES,
,30,BIODIESEL B20,68476-34-6,A1,,,,0.82,INSOLUBLE,180,0,2 (@40°C),61,YES,
,31,BIODIESEL B5,68476-34-6,A1,,,,0.81,INSOLUBLE,149,0,2 (@40°C),52,YES,
,32,BIOFUEL BLEND OF DIESEL/GASOIL WITH FAME >25% AND <99%,67784-80-9,X,,,,0.88,INSOLUBLE,200,17.5,,100,,
,33,"2,3-BUTANEDIOL",513-85-9,Z,A,,,1.01,COMPLETE,180,19,,85,,
,34,"1,3-BUTANEDIOL",107-88-0,Z,A,,A,1.01,COMPLETE,204,-50,96,109,,
,35,"1,4-BUTANEDIOL",110-63-5,Z,A,L2,A,1.02,COMPLETE,230,20,,121,,
[36] BUTYLACETATES,,,,,,,,,,,,,,,
,36,ISOBUTYL ACETATE,110-19-0,Y,A,L2,A,0.883,SLIGHT,117,-99,0.76,18,,
,36,N-BUTYL ACETATE,123-86-4,Y,A,L2,A,0.88,0.7,126,-74,0.73,22,,
,36,SEC-BUTYL ACETATE,105-46-4,Y,A,L2,A,0.87,0.7,112,-74,0.7,16,,
,36,TERT-BUTYL ACETATE,540-88-5,Y,A,L2,A,0.8817,0.8,98,,,15,,
,37,BUTYLBENZENES (MIXED ISOMERS),104-51-8,X,,,,0.9,INSOLUBLE,169,-51,,34,YES,
,38,"1,2-BUTYLENE OXIDE",106-88-7,Y,,,,0.83,7,63,-150,0.4,-15,YES,
,39,BUTYRIC ACID,107-92-6,Y,A,L2,A,0.96,COMPLETE,164,-5,1.65,72,,
,40,CALCIUM LIGNOSULFONATE,8061-52-7,Z,A,L2,,1.27,100,100,0,3000 (MAX),,,
,41,CAPROLACTAM,105-60-2,Z,,,,1.02 (@77°C),82,270,69,9,110,,
,42,CARBON BLACK FEEDSTOCK,64742-90-1,A1,B,,,1.05,UNKNOWN,170,-20,215 (@40°C),62,,
,43,CARBON TETRACHLORIDE,56-23-5,Y,B,,,1.594,INSOLUBLE,77,-23,0.952,,,
,44,CASHEW NUT SHELL OIL,8007-24-7,Y,B,,,0.95 (@30°C),INSOLUBLE,180,25,400,100,,
,45,CASTOR OIL,8001-79-4,Y,A,L1,A,0.96,INSOLUBLE,265,-10,900 (625-1040),250,,
,46,CHLOROACETIC ACID LIQUID (80% OR LESS),79-11-8,Y,,,,1.5 (MIN),COMPLETE,189,61,,126,,
,47,CHLOROBENZENE,108-90-7,Y,,,,1.1,INSOLUBLE,132,-45,0.8,29,,
,48,CHLOROFORM,67-66-3,Y,,,,1.488,0.8,61,-64,0.57,,,
,49,2-CHLOROPROPIONIC ACID,598-78-7,Z,,,,1.3,COMPLETE,185,-12,,107,,
[50] CHLOROTOLUENES,,,,,,,,,,,,,,,
,50,CHLOROTOLUENES (MIXED ISOMERS),25168-05-02,Y,,,,1.07,INSOLUBLE,160,8,,50,,
,50,META-CHLOROTOLUENE,108-41-8,Y,,,,1.07,INSOLUBLE,162,-48,,48,,
,50,ORTHO-CHLOROTOLUENE,95-49-8,Y,,,,1.08,INSOLUBLE,159,-35,,47,,
,50,PARA-CHLOROTOLUENE,106-43-4,Y,,,,1.065,INSOLUBLE,162,8,,43,,
,51,CITRIC ACID SOLUTION,77-92-9,Z,,,,1.24 (50% SOLUTION),COMPLETE,103,0,,,,
,52,COAL TAR,8007-45-2,X,,,,1.19 (1.12-1.20),INSOLUBLE,100,0,400 (Approx.),105,,
,53,COCONUT OIL FATTY ACID METHYL ESTER,61788-59-8,Y,A,L2,A,0.85 (@40°C),INSOLUBLE,150,17,LOW,120,,
,54,COCONUT OIL FATTY ACID,61788-47-4,Y,A,L2,A,0.89 (@25°C),INSOLUBLE,160,25,7.3 (@50°C),157,,
,55,COCONUT OIL,8001-31-8,Y,A,L1,A,0.92,INSOLUBLE,175,26,50,210,,
,56,COTTONSEED OIL,8001-29-4,Y,A,L1,A,0.92,INSOLUBLE,315,5,80,252,,
,57,CREOSOTE (COAL TAR),8001-58-9,X,,,,1.07,INSOLUBLE,195,,5,74,,
,58,CRESOLS (MIXED ISOMERS),1319-77-3,Y,,,,1,SLIGHT,200,12,8.2,80,,
,59,CROTONALDEHYDE,4170-30-3,X,,,,0.85,18.1,102,-75,0.27,13,YES,
,60,CRUDE CONDENSATE,64741-47-5,A1,,,,0.71,INSOLUBLE,10,-54,1,-43,YES,
,61,CRUDE OIL,8002-05-09,A1,B,,,0.97,INSOLUBLE,38,-15,,23,YES,
,62,CUMENE,98-82-8,Y,,,,0.862,INSOLUBLE,151,-96,0.79,44,YES,
,63,CUTTER STOCK,101631-14-5,A1,B,,,0.986 (@15°C),,177,-30,5.916 (@50°C),62,YES,
,64,CYCLOHEPTANE,291-64-5,X,,,,0.81,INSOLUBLE,117,-8,1.64,6,YES,
,65,CYCLOHEXANE,110-82-7,Y,A,L2,A,0.78,INSOLUBLE,81,7,1.04,-18,YES,
,66,CYCLOHEXANOL,108-93-0,Y,A,L2,,0.95,4,161,24,70,68,,
,67,CYCLOHEXANONE,108-94-1,Z,A,L2,,0.95,5,156,-31,2.3,38,,
,68,CYCLOHEXYLAMINE,108-91-8,Y,,,,0.865,COMPLETE,134,-18,,21,,
,69,DECAHYDRONAPHTHALENE,91-17-8,Y,,,,0.9,INSOLUBLE,190,-42,1.83,54,,
,70,DECANE,124-18-5,Y,A,,,0.73,INSOLUBLE,174,-30,0.92,46,,
,71,DECANOL,112-30-1,Y,A,L2,A,0.829,INSOLUBLE,231,7,12.44,82,,
,72,DI-(2-ETHYLHEXYL) PHOSPHORIC ACID,0298-07-07,Y,,,,0.98,0.018,48,-60,47,134,,
,73,DI(N-BUTYL)AMINE,111-92-2,Y,B,,,0.76,0.47,159,-51,0.9,42,,
,74,DIACETONE ALCOHOL,123-42-2,Z,,,,0.94,COMPLETE,166,-47,3.2,58,,
,75,DIBROMOMETHANE,74-95-3,Y,,,,2.5,1.3,96,-53,,,,
,76,DICHLOROETHYL ETHER,111-44-4,Y,,,,1.2,1.1,177,-52,3,55,,
,77,DICHLOROISOPROPYL ETHER,108-60-1,Y,,,,1.1,INSOLUBLE,187,,,85,,
,78,"2,4-DICHLOROPHENOL",120-83-2,Y,,,,1.38 (Approx.),0.46,210,45,,114,,
,79,"2,2-DICHLOROPROPIONIC ACID",75-99-0,Y,,,,1.4,COMPLETE,185,7.7,,110,,
,80,DICYCLOPENTADIENE,77-73-6,Y,,,,0.98 (Approx.),INSOLUBLE,170,10,4,25,YES,
,81,DIESEL OIL,68476-34-6,A1,,,,0.90 (Approx.),INSOLUBLE,180,0,2.5 (@40°C),60,YES,
,82,DIETHANOLAMINE,111-42-2,Y,B,,,1.09,95,268,28,380 (@30°C),191,,
,83,DIETHYLAMINE,109-89-7,Y,,,,0.71,COMPLETE,56,-50,0.367,-20,,
,84,DIETHYLAMINOETHANOL,100-37-8,Y,,,,0.9,COMPLETE,161,-70,4.9,60,,
,85,DIETHYLBENZENES (MIXED ISOMERS),25340-17-4,Y,,,,0.86 (Min.),INSOLUBLE,180,-31,,57,YES,
,86,DIETHYLENE GLYCOL,111-46-6,Z,,,,1.12,COMPLETE,245,-10,38,149,,
,87,DIETHYLENE GLYCOL DIBUTYL ETHER,112-73-2,Z,,,,0.89,0.9,256,-60,2.39,47,,
,88,DIETHYLENE GLYCOL DIETHYL ETHER,112-36-7,Z,,,,0.908,COMPLETE,180,-44,,54,,
,89,DIETHYLENE GLYCOL MONOBUTYL ETHER,112-34-5,Z,,,,0.95,COMPLETE,231,-68,6.3,78,,
,90,DIETHYLENE GLYCOL MONOBUTYL ETHER ACETATE,124-17-4,Y,,,,0.98,6.5,245,-32,3.5,105,,
,91,DIETHYLENE GLYCOL MONOETHYL ETHER,111-90-0,Z,,,,0.99,COMPLETE,196,-54,4.4,91,,
,92,DIETHYLENE GLYCOL MONOETHYL ETHER ACETATE,112-15-2,Y,,,,1.01,COMPLETE,218,-25,,98,,
,93,DIETHYLENE GLYCOL MONOMETHYL ETHER,111-77-3,Z,,,,1.02,COMPLETE,194,-85,4,83,,
,94,DIETHYLENETRIAMINE,111-40-0,Y,B,,,0.96,COMPLETE,207,-39,5,97,,
,95,DIETHYL SULPHATE,64-67-5,Y,,,,1.177,REACTION,208,-25,,104,,
,96,DIISOBUTYLAMINE,110-96-3,Y,,,,0.75,0.22,139,-70,,24,YES,
,97,DIISOBUTYLENE (MIXED ISOMERS),25167-70-8,Y,,,,0.72,INSOLUBLE,102,-94,0.55,-6,YES,
,98,DIISOBUTYL KETONE,108-83-8,Y,,,,0.81,0.26,168,-42,0.92,48,YES,
,99,DIISOPROPANOLAMINE,110-97-4,Z,,,,0.99 (@40°C),100,248,44.5,86 (@60°C),136,,
,100,DIISOPROPYLAMINE,108-18-9,Y,B,,,0.72,COMPLETE,84,-96,0.4,-7,,
,101,DIMETHYLACETAMIDE,127-19-5,Z,,,,0.94,COMPLETE,166,-20,0.92,66,,
,102,DIMETHYLAMINE SOLUTION 60%,124-40-3,Y,,,,0.81 (60% Sol.),COMPLETE,7,-92,,-34,,
,103,DIMETHYLAMINE SOLUTION (>45% TO 55%),124-40-3,Y,,,,0.89 (40% Sol.),COMPLETE,54,-37,,-18,,
,104,DIMETHYLAMINE SOLUTION (45% OR LESS),124-40-3,Y,,,,0.89 (40% Sol.),COMPLETE,54,-37,,-18,,
,105,DIMETHYLAMINOETHANOL,108-01-0,Y,,,,0.9,COMPLETE,134,-40,,31,,
,106,DIMETHYLFORMAMIDE,68-12-2,Y,,,,0.95,COMPLETE,153,-61,,57,,
,107,DIMETHYLGLUTARATE,1119-40-0,Y,,,,1.09,4.3,93,-37,2.5,103,,
,108,"2,2-DIMETHYLOCTANOIC ACID",29662-90-6,Y,,,,0.92,SLIGHT,254,-60,12.9,102,,
,109,DIMETHYLPOLYSILOXANE,9016-00-6,Y,,,,0.98,13,149,-34,100 (@25°C),,,
,110,DINITROTOLUENES,25321-14-6,X,,,,1.52,0.03,300,70,,155,,
,111,DI-N-PROPYLAMINE,142-84-7,Y,B,,,0.74,5.1,105,-63,,3,YES,
,112,"1,4-DIOXANE",123-91-1,Y,,,,1.04,COMPLETE,101,12,,11,YES,
,113,DIPENTENE,138-86-3,Y,A,L2,A,0.8,INSOLUBLE,176,-96,0.9,42,,
,114,DIPHENYL ETHER,101-84-8,X,,,,1.07 (@25°C),INSOLUBLE,258,27,3.38,112,,
,115,DIPROPYLENE GLYCOL,25265-71-8,Z,,,,1.022,COMPLETE,232,-40,100 (Approx.),121,,
,116,DIPROPYLENE GLYCOL MONOMETHYL ETHER,34590-94-8,Z,,,,0.95,COMPLETE,184,-83,4.3,75,,
,117,1-DODECANOL,112-53-8,Y,A,L2,A,0.8267,INSOLUBLE,260,24,1.55,127,,
,118,DODECYLPHENOL,27193-86-8,X,,,,0.9,INSOLUBLE,154,,,310,,
,119,EPICHLOROHYDRIN,106-89-8,Y,B,,,1.18,6,115,-57,1.1,26,,
,120,ETHANOL (FOOD GRADE),64-17-5,Z,A,L1,A,0.79,COMPLETE,78,-114,1.2,12,,
,121,ETHANOL INDUSTRIAL GRADE,64-17-5,Z,A,L2,A,0.79,COMPLETE,78,-114,1.2,12,,
,122,ETHANOLAMINE,141-43-5,Y,B,,,1.02,COMPLETE,170,10,,85,,
,123,2-ETHOXYETHYL ACETATE,111-15-9,Y,,,,0.97,23,156,-62,1.3,49,YES,
,124,ETHYL TERT-BUTYL ETHER,637-92-3,Y,A,,A,0.74,1.64,73.1,-94,0.4,-19,,
,125,2-ETHYL-3-PROPYLACROLEIN,645-62-5,Y,,,,0.9,INSOLUBLE,175,,1.28,68,,
,126,ETHYL ACETATE,141-78-6,Z,A,L2,A,0.9,9,77,-84,0.45 (Approx.),-4,,
,127,ETHYL ACETOACETATE,141-97-9,Z,,,,1.03,12,181,-43,1.72,57,,
,128,ETHYL ACRYLATE,140-88-5,Y,B,,,0.923,2,99,-71,0.54 (@25°C),8,YES,
,129,ETHYLAMINE,75-04-7,Y,,,,0.69,COMPLETE,17,-82,,-37,,
,130,ETHYLAMINE SOLUTION (72% OR LESS),75-04-7,Y,,,,0.8,COMPLETE,39,-74,,-17,,
,131,ETHYL AMYL KETONE,,,Y,,,,0.82,0.3,157,-57,0.8,43,NO
,132,ETHYLBENZENE,100-41-4,Y,,,,0.86,INSOLUBLE,136,-95,0.671,23,YES,
,133,ETHYLENE CARBONATE,96-49-1,Z,,,,1.33 (Approx.),21.4,244,36,,143,,
,134,ETHYLENE CHLOROHYDRIN,0107-07-03,Y,,,,1.2,COMPLETE,129,-68,3.43,55,,
,135,ETHYLENE CYANOHYDRIN (21% WATER),109-78-4,Y,,,,1.05,COMPLETE,228,-46,,129,,
,136,ETHYLENEDIAMINE,107-15-3,Y,B,,,0.897,COMPLETE,117,11,1.6,38,,
,137,ETHYLENE DIBROMIDE,106-93-4,Y,,,,2.2,0.4,131,10,1.7,,,
,138,ETHYLENE DICHLORIDE,0107-06-02,Y,B,,,1.253,0.86,84,-35,0.84,13,YES,
,139,ETHYLENE GLYCOL,107-21-1,Z,A,L2,A,1.11,COMPLETE,197,-13,16.1,111,,
,140,ETHYLENEGLYCOLDIACETATE,111-55-7,Y,,,,1.1,16,190,-31,2.9,88,,
,141,ETHYLENEGLYCOLMONOBUTYLETHER,111-76-2,Y,,,,0.9,COMPLETE,171,-70,6.2,67,,
,142,ETHYLENEGLYCOLMONOBUTYLETHERACETATE,0112-07-02,Y,,,,0.94,1.7,192,-63,1.8,71,,
,143,ETHYLENEGLYCOLMONOETHYLETHER,110-80-5,Y,,,,0.93,COMPLETE,135,-100,2 (Approx.),40,,
,144,ETHYLENEGLYCOLMONOPHENYLETHER,122-99-6,Z,,,,1.1,2.6,237,11,,110,,
,145,2-ETHYLHEXANOICACID,149-57-5,Y,,,,0.908,0.2,228,-59,7.7,124,,
,146,2-ETHYLHEXANOL,104-76-7,Y,A,L2,A,0.83,0.01,185,-76,8.97,60,,
,147,2-ETHYLHEXYLACRYLATE,0103-11-7,Y,B,,,0.88,INSOLUBLE,213,-90,1.8,82,YES,
,148,2-ETHYLHEXYLAMINE-1,104-75-6,Y,,,,0.79,0.25,169,-76,1.11,50,,
,149,ETHYLMETHACRYLATE,97-63-2,Y,,,,0.91,0.54,117,-75,0.87,20,YES,
,150,ETHYLTOLUENES (MIXED ISOMERS),25550-14-5,Y,,,,0.90 (Approx.),INSOLUBLE,160,-17,,36,,
[151] EXXALS,,,,,,,,,,,,,,,
,151,EXXAL 10 ALCOHOL,68526-85-2,Y,,,,0.838,INSOLUBLE,216,-65,9,94,,
,151,EXXAL 11 ALCOHOL,68551-08-06,X,,,,0.841,NEGLIGIBLE,229,-50,24,100,,
,151,EXXAL 12 ALCOHOL,68526-86-3,Y,,,,0.844,INSOLUBLE,240,-65,12 (@40°C),106,,
,151,EXXAL 13 ALCOHOL,68526-86-3,Y,,,,0.85,INSOLUBLE,254,-40,16.6,122,,
,151,EXXAL 8 ALCOHOL,68526-83-0,Y,,,,0.832,INSOLUBLE,186,-54,13,76,,
,151,EXXAL L9 ALCOHOL,68526-86-3,Y,,,,0.85,INSOLUBLE,204,-40,47,80,,
[152] EXXSOLS,,,,,,,,,,,,,,,
,152,EXXSOL D 100,,A1,,,,0.818 (@15°C),NEGLIGIBLE,236,-33,2.87,104,YES,
,152,EXXSOL D 100 ULA,,A1,,,,0.82,NEGLIGIBLE,236,-33,2.87,103,YES,
,152,EXXSOL D 110,,A1,,,,0.82,INSOLUBLE,239,,3.54,106,YES,
,152,EXXSOL D 120,,A1,,,,0.83 (@15°C),NEGLIGIBLE,254,-21,4.4,115,YES,
,152,EXXSOL D 140,,A1,,,,0.83 (@15°C),NEGLIGIBLE,279,-11,6.14,137,YES,
,152,EXXSOL D 180/200 SP,,Y,,,,0.79 (@15°C),INSOLUBLE,190,,,63,YES,
,152,EXXSOL D 30,,A1,,,,0.76 (@15°C),NEGLIGIBLE,136,-90,0.83,29,YES,
,152,EXXSOL D 40,,A1,,,,0.78 (@15°C),NEGLIGIBLE,154,-72,1.05,41,YES,
,152,EXXSOL D 60,,A1,,,,0.79 (@15°C),NEGLIGIBLE,184,-54,1.34,65,YES,
,152,EXXSOL D 80,,A1,,,,0.80 (@15°C),NEGLIGIBLE,203,-48,1.84,79,YES,
,152,EXXSOL D 95,64742-47-8,Z,,,,0.808,INSOLUBLE,220,-20,2 (@25°C),88,YES,
,152,EXXSOL D130 FLUID,64742-46-7,Y,,,,0.824 (@15°C),INSOLUBLE,275,-6,5.68 (Approx.),129,YES,
,152,EXXSOL D220/230,,A1,,,,0.81 (@15°C),NEGLIGIBLE,220,-39,2.18,91,YES,
,152,EXXSOL D60(S),64742-48-9,Y,,,,0.776 (@15°C),INSOLUBLE,183,,,63,YES,
,152,EXXSOL DSP 100/140,,X,,,,0.738,INSOLUBLE,101,,0.54,0,YES,
,152,EXXSOL DSP 145/160,,A1,,,,0.761,NEGLIGIBLE,147,-20,0.83,33,YES,
,152,EXXSOL DSP 60/95 S,,A1,,,,0.70 (@15°C),NEGLIGIBLE,66,-20,0.35,-20,YES,
[153] FATTY ACID METHYL ESTERS,,,,,,,,,,,,,,,
,153,COCONUT OIL FATTY ACID METHYL ESTER,61788-59-8,Y,A,L2,A,0.85 (@40°C),INSOLUBLE,150,17,LOW,120,,
,153,PALM OIL FATTY ACID METHYL ESTER,67784-80-9,Y,A,L2,A,0.88,INSOLUBLE,200,17.5,4.5,100,,
,153,RAPE SEED OIL FATTY ACID METHYL ESTERS,73891-99-3,Y,A,L2,A,0.88,INSOLUBLE,330,6,4.7 (@40°C),91,,
,153,SOYBEAN OIL FATTY ACID METHYL ESTER,67784-80-9,Y,A,L2,A,0.888,INSOLUBLE,200,1,6.56,120,,
,153,USED COOKING OIL METHYL ESTERS,67762-38-3,Y,B,,,0.8881,INSOLUBLE,354,6,40 (@40°C),173,,
,154,"FATTY ACIDS, C12+",0143-07-07,Y,A,L2,A,0.84 (@60°C),INSOLUBLE,290,44,SOLID,160,,
,155,FISH OIL,8016-13-5,Y,A,L1,A,0.93,INSOLUBLE,250,15,60,216,,
,156,FORMALDEHYDE SOLUTIONS (45% OR LESS),50-00-0,Y,,,,1.135 (Approx.),COMPLETE,96,-15,,56,,
,157,FORMAMIDE,75-12-7,Y,,,,1.13,COMPLETE,210,2.5,3.3,154,,
,158,"FORMIC ACID MIXTURE (≤18% PROPIONIC ACID, ≤25% SODIUM FORMATE)",64-18-6,Z,,,,1.25,COMPLETE,114,-25,14,61,,
,159,FORMIC ACID (85% OR LESS),64-18-6,Y,A,L2,A,1.22,COMPLETE,101,8,1.804,69,,
,160,FUEL ETHANOL,,X,,,,0.76 (@15°C),PARTLY SOLUBLE,25,,1,0,YES,
,161,FUEL OIL NO. 4,68476-31-3,A1,,,,0.9,INSOLUBLE,177,-10,24 (Max @40°C),60,,
,162,FUEL OIL NO. 5,68476-33-5,A1,B,,,0.887 (Lower Limit),INSOLUBLE,188,-9.4,80 (@40°C),60,,
,163,FUEL OIL NO. 6,68476-33-5,A1,B,,,1,INSOLUBLE,260,,380 (@50°C),65,YES,
,164,FURFURAL,98-01-1,Y,,,,1.16,8.3,162,-37,1.49,60,,
,165,FURFURYL ALCOHOL,98-00-0,Y,B,,,1.13,COMPLETE,171,-31,4.55,75,,
,166,GASOIL,68476-34-6,A1,,,,0.86,INSOLUBLE,200,,5 (@40°C),65,YES,
,167,GASOIL CUTTER,31393-98-3,A1,,,,0.95 (APPROX.),SLIGHT,,,10,40,,
,168,GASOIL DYED,68334-30-5,A1,,,,0.85 (APPROX.),INSOLUBLE,180,-10,2.5 (@40°C),55,YES,
,169,GASOLINE (LEADED),8006-61-9,A1,B,,,0.75 (APPROX.),INSOLUBLE,45,-20,0.652,-20,YES,
,170,GASOLINE (UNLEADED),86290-81-5,A1,,,,0.75 (APPROX.),INSOLUBLE,45,-20,0.652,-20,YES,
,171,GASOLINE ULS (UNLEADED),8006-61-9,A1,,,,0.75 (APPROX.),INSOLUBLE,45,-20,0.652,-20,YES,
,172,GLUCOSE,50-99-7,OS,A,L1,,UNKNOWN,COMPLETE,,,1200 (@65°C),,,
,173,GLUTARALDEHYDE SOLUTION 50%,111-30-8,Y,B,,,1.1,COMPLETE,88,-25,5 (APPROX.),56,,
,174,GLYCERINE TECHNICAL GRADE,56-81-5,Z,A,L1,A,1.262,COMPLETE,290,18,107,160,,
,175,GLYCEROL MONOOLEATE,25496-72-4,Y,,,,0.94,INSOLUBLE,239,24,92 (@38°C),239,,
,176,GROUNDNUT OIL,8002-03-07,Y,A,L1,A,0.92,INSOLUBLE,285,0,60,282,,
,177,GTL NAPHTHA,848301-65-5,A1,,,,0.65 (0.65–0.735),INSOLUBLE,31,,5 (APPROX.),-18,YES,
,178,HEPTANES (MIXED ISOMERS),142-82-5,X,A,L2,A,0.7,INSOLUBLE,90,,1,-5,YES,
,179,1-HEPTANOL,111-70-6,Y,A,L2,A,0.82,INSOLUBLE,175,-34,7,70,,
,180,HEXAMETHYLENEDIAMINE SOLUTION,0124-09-04,Y,B,,,0.92 (70% AQ. SOLUTION @40°C),AQ. SOLUTION,200,4,7.5 (@30°C),80,,
,181,HEXAMETHYLENEGLYCOL,0629-11-8,Z,,,,0.97,COMPLETE,250,39,,101,,
,182,HEXAMETHYLENEIMINE,111-49-9,Y,,,,0.88,COMPLETE,135,-37,,18,,
,183,HEXANOIC ACID,142-62-1,Y,A,L2,A,0.93,1.1,205,-3,,102,,
,184,1-HEXANOL,111-27-3,Y,A,L2,A,0.817,SLIGHT,157,-45,0.44,57,,
[185] HEXENES,,,,,,,,,,,,,,,
,185,1-HEXENE,592-41-6,Y,,,,0.67,INSOLUBLE,63,-140,0.23,-26,YES,
,185,2-HEXENE,592-43-8,Y,,,,0.69,INSOLUBLE,68,-99,,-20,YES,
,186,HEXYL ACETATE,142-92-7,Y,,,,0.88,INSOLUBLE,170,-80,,37,,
,187,HEXYLENE GLYCOLS,107-41-5,Z,,,,0.924,COMPLETE,196,-40,42,93,,
,188,HVO - DIESEL,,A1,,,,0.72,0.007,242,,2.3,60,YES,
,189,HVO - NAPHTHA,,A1,,,,0.686 (@15°C),PARTLY SOLUBLE,35,-60,0.9,-20,YES,
,190,HYDROGENATED VEGETABLE OIL,928771-01-1,A1,,,,0.78 (@15°C),SLIGHT,180,-20,5,61,YES,
,191,2-HYDROXYETHYL ACRYLATE,818-61-1,Y,,,,1.1,COMPLETE,190,-60,5.7,68,,
,192,ISOBUTANOL,78-83-1,Z,A,L2,A,0.802,@25°C,108,-90,3.1,31,,
,193,ISOBUTANOLAMINE,124-68-5,Z,,,,0.922 (@30°C),COMPLETE,165,26,147 (@25°C),67,,
,194,ISOBUTYL ACRYLATE,106-63-8,Y,,,,0.89,0.18,132,-61,4.7,30,YES,
,195,ISOBUTYL ISOBUTYRATE,97-85-8,Y,,,,0.86,INSOLUBLE,149,-81,,37,,
,196,ISOBUTYL METHACRYLATE,97-86-9,Z,,,,0.89,0.13,155,-37,,44,YES,
,197,ISOMERATE,,A1,,,,0.65 (0.65–0.70),INSOLUBLE,21,,,-48,YES,
,198,ISOPENTANE,78-78-4,Y,,,,0.62,INSOLUBLE,29,-160,0.225,-60,YES,
,199,ISOPENTENE,563-45-1,Y,,,,0.65,INSOLUBLE,20,-168,,-58,,
,200,ISOPHORONE,78-59-1,Y,,,,0.923,1.2,215,-8,2.6,84,,
,201,ISOPHORONEDIAMINE,2855-13-2,Y,,,,0.92,COMPLETE,247,10,,110,,
,202,ISOPHORONEDIISOCYANATE,4098-71-9,Y,B,,,1.06,REACTION,,-60,,155,,
,203,ISOPRENE,78-79-5,Y,,,,0.68,INSOLUBLE,34,-146,0.21,-54,YES,
,204,ISOPROPANOL,67-63-0,Z,A,L2,A,0.78,COMPLETE,82,-88,2.43,12,,
,205,ISOPROPANOLAMINE,78-96-6,Y,,,,0.96,COMPLETE,159,1,30.2,80,,
,206,ISOPROPYL ETHER,108-20-3,Y,-,-,-,0.72,0.9,69,-86,33,-28,YES,
,207,ISOPROPYL ACETATE,108-21-4,Z,-,-,-,0.872,3,89,-74,0.53,5,YES,
,208,ISOPROPYLAMINE,75-31-0,Y,-,-,-,0.69,COMPLETE,32,-95,0.36,-37,-,
,209,ISOPROPYLAMINE (70% OR LESS) SOLUTION,75-31-0,Y,-,-,-,0.78,COMPLETE,48,-,-,13,-,
,210,JET FUEL B,64741-41-9,A1,-,-,-,0.75 (Lower Limit),INSOLUBLE,145,-60,-,-31,YES,
,211,KEROSENE,8008-20-6,A1,-,-,-,0.8,INSOLUBLE,150,-20,1.3 (@40°C),37,YES,
,212,KEROSENE DYED,8008-20-6,A1,-,-,-,0.8,INSOLUBLE,150,-20,1.3 (@40°C),37,YES,
,213,LACTIC ACID,50-21-5,Z,-,L1,-,1.2,COMPLETE,-,18,40.5,74,-,
,214,LACTONITRILE SOLUTION (80% OR LESS),78-97-7,Y,-,-,-,0.99,COMPLETE,182,-40,-,77,-,
,215,LARD,61789-99-9,Y,A,L1,A,0.93,INSOLUBLE,-,30,33 (@54°C),202,-,
,216,LATEX: Carboxylated Styrene-Butadiene Copolymer; Styrene-Butadiene Rubber,-,Z,-,-,-,1,SUSPENSION,-,-,-,-,-,
,217,LAURIC ACID,0143-07-07,X,A,L2,A,0.89 (@60°C),INSOLUBLE,225,43,-,112,-,
,218,LECITHIN,8002-43-5,OS,A,-,-,1.48 (99% Sol.),UNKNOWN,-,-,-,-,-,
[219] LIGHT FUEL OIL,,,,,,,,,,,,,,,
,219,HEAVY CYCLE OIL,64741-61-3,A1J,B,-,-,1.00 (@37.8°C),INSOLUBLE,160,-,100 (@37.8°C),60,YES,
,219,RESIDUAL MARINE DIESEL (RMA),68476-31-3,A1,-,-,-,0.92 (@15°C),INSOLUBLE,160,6,10 (Max @50°C),62,YES,
,219,RESIDUAL MARINE FUELS RMB,68476-33-5,A1,B,-,-,0.96 (@15°C),INSOLUBLE,160,0,30 (@50°C),62,YES,
,219,"RESIDUAL MARINE FUELS, RMA-RMB",68476-33-5,A1,B,-,-,0.96 (@15°C),INSOLUBLE,160,6,30 (@50°C),62,YES,
,219,"RESIDUAL MARINE FUELS, RME",68476-33-5,A1,B,-,-,0.991 (@15°C),INSOLUBLE,204,30,180 (@50°C),61,YES,
[220] LINEAR ALKYL BENZENES (LAB),,,,,,,,,,,,,,,
,220,ALKYL (C3-C4) BENZENES,-,Y,-,-,-,0.875,INSOLUBLE,161,-53,0.81,49,YES,
,220,ALKYL (C5-C8) BENZENES,-,X,-,-,-,0.85,INSOLUBLE,255,-70,5 (Approx.),120,YES,
,220,DODECYLBENZENE,0123-01-03,Y,-,-,-,0.86,INSOLUBLE,230,-7,5.7,110,-,
,220,TETRADECYLBENZENE,1459-10-5,Y,-,-,-,0.86,INSOLUBLE,196,16,7.68,150,-,
,220,TRIDECYLBENZENE,0123-02-04,Y,-,-,-,0.9,INSOLUBLE,346,10,-,112,-,
,220,UNDECYLBENZENE,6742-54-7,Y,-,-,-,0.855,INSOLUBLE,316,-5,4.57,141,-,
,221,LINSEED OIL,8001-26-1,Y,A,L1,A,0.925,INSOLUBLE,343,-19,48,320,-,
,222,Lube Oil Additives,—,—,B,—,—,—,Insoluble,—,—,High,—,—,
[223] LUBRICATING OILS,,,,,,,,,,,,,,,
,223,Base Oil SN 100,—,A1,—,—,—,0.86 (@15°C),Insoluble,370,-18,30,200,Yes,
,223,Base Oil SN 500,—,A1,—,—,—,0.881 (@15°C),Insoluble,—,-6,95 (@40°C),237,Yes,
,223,Bright Stock 150,—,A1,—,—,—,0.894 (@15°C),Insoluble,280,-9,450 (@40°C),298,Yes,
,223,Mineral Base Oil (Paraffinic),—,A1,—,—,—,0.93 (Approx.),Insoluble,150,—,—,—,Yes,
,224,Maize Oil,—,Y,A,L1,A,0.92,Insoluble,260,-8,52,—,—,
,225,Maleic Anhydride,108-31-6,Y,—,—,—,1.30 (@70°C),Partly Soluble,200,53,—,102,—,
,226,Mesityl Oxide,141-79-7,Z,—,—,—,0.85,1.07,130,0,0.6,31,—,
,227,Meta-Dichlorobenzene,541-73-1,X,—,—,—,1.288,Insoluble,171,-25,—,65,—,
,228,Methacrylic Acid,79-41-4,Y,—,—,—,1.014,Above 16°C,161,15,1.54,77,—,
,229,Methacrylonitrile,126-98-7,Y,—,—,—,0.8,2.6,90,-36,—,-1,Yes,
,230,Methanol,67-56-1,Y,A,L2,A,0.792,Complete,64,-98,0.59,10,—,
,231,3-Methoxy-1-Butanol,2517-43-3,Z,—,—,—,0.928,Complete,160,-85,—,46,—,
,232,3-Methoxybutyl Acetate,—,Y,—,—,—,0.955,6.5,171,—,1.3,62,—,
,233,Methyl Amyl Alcohol,0108-11-2,Z,—,—,—,0.807,1.6,132,-90,5.2,41,—,
,234,Methyl Formate,107-31-3,Z,—,—,—,0.97,30,32,-100,0.35,-32,—,
,235,Methyl tert-Butyl Ether (MTBE),1634-04-04,Z,A,L2,A,0.74,4.8,55,-109,0.35,-34,Yes,
,236,2-Methyl-1-Pentene,763-29-1,Y,—,—,—,0.68,Insoluble,62,-136,—,-26,—,
,237,1-Methyl-2-Pyrrolidone,872-50-4,Y,—,—,—,1.03,Complete,202,-23,—,96,—,
,238,2-Methyl-5-Ethylpyridine,104-90-5,Y,—,—,—,0.92,1.2,178,-70,2,60,—,
,239,Methyl Acetate,79-20-9,Z,A,L2,A,0.9,25,57,-98,0.37,-10,—,
,240,Methyl Acetoacetate,105-45-3,Z,—,—,—,1.077,40,170,-80,—,62,—,
,241,Methyl Acrylate,96-33-3,Y,B,—,—,0.95,@25°C,80,-77,0.48,-3,Yes,
,242,Methylamine Solutions (42% or Less),74-89-5,Y,—,—,—,0.89,Complete,48,-38,—,-13,—,
,243,Methyl Amyl Acetate,108-84-9,Y,—,—,—,0.86,0.13,146,-64,1.75,43,—,
,244,Methyl Amyl Ketone,110-43-0,Z,—,—,—,0.82,0.43,152,-35,—,49,—,
,245,Methylene Chloride,75-09-2,Y,—,—,—,1.3246,2,40,-96,0.44,—,—,
,246,Methylenediphenyl Isocyanate (MDI),101-68-8,Y,B,—,—,1.23 (1.18–1.24),Reaction,314,—,80 (@25°C),196,—,
,247,Methyl Ethyl Ketone (MEK),78-93-3,Z,A,L2,A,0.805,25,80,-86,0.42,-9,Yes,
,248,Methyl Isobutyl Ketone (MIBK),0108-10-1,Z,A,L2,A,0.801,2,116,-85,0.6,14,Yes,
,249,Methyl Methacrylate,80-62-6,Y,B,—,—,0.944,1.5,101,-48,0.56,10,Yes,
[250] METHYLNAPHTHALENES,,,,,,,,,,,,,,,
,250,β-Methylnaphthalene,91-57-6,X,—,—,—,1,Insoluble,240,34.6,—,97,—,
,250,α-Methylnaphthalene,90-12-0,X,—,—,—,1.01,Insoluble,244,-19,—,78,—,
,251,Methyl Propyl Ketone,107-87-9,Z,—,—,—,0.8,4,102,-78,0.47,7,Yes,
,252,Methyl Salicylate,119-36-8,Y,—,—,—,1.18,0.07,222,-8,—,100,—,
,253,α-Methylstyrene,98-83-9,Y,B,—,—,0.91,Insoluble,165,-23,0.94,40,—,
,254,Mixed Aromatics,71-43-2,Y,—,—,—,0.86 (Approx.),Insoluble,—,5.5,—,4,Yes,
,255,Molasses,68476-78-8,OS,A,L1,A,1.45 (Upper Limit),Partly Soluble,—,20,5000 (Upper Limit),—,—,
,256,Morpholine,110-91-8,Y,B,—,—,1,Complete,128,-5,2.23,32,—,
,257,Motor Gasoline Containing Ethanol,86290-81-5,A1,—,—,—,0.73 (@15°C),Insoluble,39,-20,0.5,-40,Yes,
,258,Myristic Acid,544-63-8,Y,A,L2,A,0.844,Insoluble,326,54,5 (@75°C),110,—,
,259,"N,N-Dimethylcyclohexylamine",98-94-2,Y,—,—,—,0.85,Partly Soluble,162,-40,—,43,—,
,260,Naphtha,64742-95-6,A1,—,—,—,0.85 (Lower Limit),Unknown,130,—,—,15,Yes,
,261,Natural Gas Condensate,68919-39-1,A1,—,—,—,0.65,Insoluble,10,-86,1,-43,Yes,
,262,Natural Gasoline,68425-31-0,A1,—,—,—,0.65,Slight,27,—,—,-18,Yes,
,263,Neodecanoic Acid,26896-20-8,Y,—,—,—,0.91,Slight,270,-40,41,129,—,
[264] NESSOLS,,,,,,,,,,,,,,,
,264,Nessol D100,—,Y,—,—,—,0.8,Insoluble,222,-15,4,90,—,
,264,Nessol D40,64742-48-9,Y,—,—,—,0.80 (Approx.),Slight,150,-15,2,38,Yes,
,264,Nessol D60,—,Y,—,—,—,0.80 (Approx.),Insoluble,175,-20,2,61,Yes,
,264,Nessol D80,—,Y,—,—,—,0.82 (Approx.),Insoluble,200,-20,2,76,Yes,
,264,Piperylene Concentrate,68478-07-09,Y,—,—,—,0.68 (Approx.),Insoluble,42,-87,—,-28,—,
,265,Nitric Acid (<70%),7697-37-2,Y,—,L2,—,1.408 (65% Solution),Aqueous Solution,121,-42,—,—,—,
,266,Nitrobenzene,98-95-3,Y,—,—,—,1.2,0.2,211,5.7,2.013,88,Yes,
,267,Nitroethane,79-24-3,Y,—,—,—,1.05,4.5,114,-50,0.67,28,—,
[268] NITROPROPANES,,,,,,,,,,,,,,,
,268,1-Nitropropane,0108-03-02,Y,—,—,—,1,1.7,132,-108,—,33,—,
,268,2-Nitropropane,79-46-9,Y,—,—,—,0.99,1.7,120,-93,0.77,24,—,
,269,n-Octyl Acetate,112-14-1,Y,—,—,—,0.872,Insoluble,200,-38,—,83,—,
,270,Nonanoic Acid,112-05-0,Y,A,L2,A,0.906,Insoluble,252,13,—,100,—,
,271,1-Nonanol,0143-08-08,Y,A,L2,A,0.828,Insoluble,213,-11,10.73,98,—,
,272,Nonene,27215-95-8,Y,—,—,—,0.74,Insoluble,134,-76,0.8,20,Yes,
,273,Nonylphenol,25154-52-3,X,—,—,—,0.95,0.3,295,2,563,140,—,
,274,Norm-Alkanes (C10+),8002-74-2,Y,—,—,—,0.77 (Approx.),Insoluble,240,8,2.6 (@40°C),115,—,
,275,n-Butanol,71-36-3,Z,A,L2,A,0.81,8,118,-89,2.95,29,—,
,276,n-Butyl Acrylate,141-32-2,Y,B,—,—,0.9,0.2,147,-65,0.84,37,Yes,
,277,n-Butylamine,109-73-9,Y,—,—,—,0.74,Complete,78,-50,0.68,-12,—,
,278,n-Butyl Butyrate,109-21-7,Y,—,—,—,0.87,Insoluble,165,-92,1 (Approx.),50,—,
,279,Norm-Butyl Methacrylate,97-88-1,Z,—,—,—,0.89,@25°C,163,-50,0.94 (@25°C),48,Yes,
,280,Norm-Dodecane,112-40-3,Y,—,—,—,0.75,Insoluble,216,-10,1.35,74,,
,281,Norm-Heptane,142-82-5,X,A,L2,A,0.7,Insoluble,90,-91,1,-5,Yes,
,282,Norm-Heptanoic Acid,111-14-8,Z,A,L2,A,0.918,0.24,223,-7.5,—,107,,
,283,Norm-Heptenes (Mixed Isomers),25339-56-4,Y,—,—,—,0.7,Insoluble,95,-110,0.35,-6,Yes,
,284,Norm-Hexane,110-54-3,Y,A,L2,A,0.66,Insoluble,69,-95,0.3 (@25°C),-22,Yes,
,285,Norm-Nonane,111-84-2,X,A,L2,—,0.718,Insoluble,151,-51,0.72,31,Yes,
,286,Norm-Pentane,109-66-0,Y,A,L2,A,0.63,Insoluble,36,-130,0.24,-35,Yes,
,287,Norm-Propanol,71-23-8,Y,A,L2,A,0.805,Complete,97,-127,2,24,,
,288,Norm-Propanolamine,156-87-6,Y,—,—,—,0.98,Complete,184,12,—,80,,
,289,Norm-Propyl Acetate,109-60-4,Y,A,L2,A,0.888,2,101.5,-93,0.6,12,Yes,
,290,N-Propylamine,0107-10-8,Z,B,—,—,0.714,Complete,47.8,-83,—,-37,,
,291,1-Octadecanol,112-92-5,Y,A,L2,A,0.81 (@60°C),Insoluble,340,55,—,—,,
[292] OCTANES,,,,,,,,,,,,,,,
,292,Isooctane,540-84-1,X,—,—,—,0.7,Insoluble,99,-107,—,-12,Yes,
,292,Norm-Octane,111-65-9,X,—,—,—,0.703,Insoluble,126,-57,0.55,12,Yes,
,292,Octanes (Mixed Isomers),111-65-9,X,—,—,—,0.7,Insoluble,130,-60,—,-12,Yes,
,293,Octanoic Acid (All Isomers),0124-07-02,Y,A,L2,A,0.91,Insoluble,237,16,—,110,,
,294,1-Octanol,111-87-5,Y,A,L2,A,0.83,0.6,195,-16,8.93,81,,
,295,Octenes (Mixed Isomers),25377-83-7,Y,—,—,—,0.72,Insoluble,124,-101,—,21,Yes,
[296] OLEFINS (C13+),,,,,,,,,,,,,,,
,296,1-Hexadecene,629-73-2,Y,—,—,—,0.781,Insoluble,274,4,—,93,,
,296,Neodene 1314 Internal Olefin (Shell),—,Y,—,—,—,0.77,Insoluble,233,-14,1.925,94,Yes,
,296,Neodene 1416 (Shell),1120-36-1,Y,—,—,—,0.778,Insoluble,238,-9,2.4,110,Yes,
,296,Neodene 1418 (Shell),—,Y,—,—,—,0.787 (@15.6°C),Insoluble,241,5,2.34,100,Yes,
,296,Neodene 1518 Internal Olefin (Shell),93762-80-2,Y,—,—,—,0.79,Insoluble,259,-6,3.55,135,Yes,
,296,Neodene 16 (Shell),629-73-2,Y,—,—,—,0.781,Insoluble,272,2.2,3.1,132,Yes,
,296,Neodene 16/18 (Shell),—,Y,—,—,—,0.788 (@16°C),Insoluble,270,12.2,3.62,130,Yes,
,296,Neodene 20/22 (Shell),—,Y,—,—,—,0.79 (@30°C),Insoluble,367,30,4 (@40°C),172,Yes,
,296,Neodene 2024 (Shell),93924-10-8,Y,—,—,—,0.79 (@30°C),Insoluble,367,29,4 (@40°C),172,Yes,
,296,Neoflo 1-58 (Shell),93762-80-2,Y,—,—,—,0.787,Insoluble,268,-12,4.5,135,Yes,
,296,Neoflo 1-6 (Shell),629-73-2,Y,—,—,—,0.78,Insoluble,272,2.2,3.1,130,Yes,
,296,Neoflo 1-68 (Shell),—,Y,—,—,—,0.788,Insoluble,287,12.2,3.6,135,Yes,
,296,Neoflo 1-681 (Shell),—,Y,—,—,—,0.788,Insoluble,287,-4,7.4,141,Yes,
,296,Neoflo 2-46 (Shell),—,Y,—,—,—,0.775,Insoluble,249,-8,3.1,115,Yes,
,296,Neoflo 2-48 (Shell),—,Y,—,—,—,0.778,Insoluble,225,-2,3.9,115,Yes,
,296,1-Octadecene,27070-58-2,Y,—,—,—,0.792,Insoluble,307,17,4.3,156,,
,296,1-Pentadecene,13360-61-7,Y,—,—,—,0.775,Insoluble,268,8,—,112,,
,296,1-Tetradecene,1120-36-1,Y,—,—,—,0.775,Insoluble,251,-13,2.18,110,,
,296,1-Tridecene,2437-56-1,Y,—,—,—,0.766,Insoluble,232,-24,1.63,79,,
,297,Oleic Acid,112-80-1,Y,A,L2,A,0.894,Insoluble,90,14,38.8,189,,
,298,Olive Oil,8001-25-0,Y,A,L1,A,0.915,Insoluble,290,-6,79,220,,
,299,O-Nitrophenol (Molten),88-75-5,Y,—,—,—,1.66,0.25,215,44,—,102,,
,300,Ortho-Dichlorobenzene,95-50-1,X,—,—,—,1.306,Insoluble,180,-17,0.75,66,,
,301,Ortho-Nitrotoluene,88-72-2,Y,—,—,—,1.2,Insoluble,222,-6,2.37,106,,
,302,Ortho-Toluidine,95-53-4,Y,—,—,—,1,1.5,200,-16,4.39,85,,
,303,Palm Fatty Acid Distillate,98106-68-4,Y,A,L2,A,0.88 (@50°C),Insoluble,—,40,—,100,,
,304,Palm Kernel Fatty Acid Distillate,101403-98-9,Y,A,L2,—,0.84,Insoluble,240,20,—,100,,
,305,Palm Mid Fraction,—,Y,—,L1,—,0.85 (@40°C),Insoluble,250,25,—,260,,
,306,Palm Oil,8002-75-3,Y,A,L1,A,0.90 (@40°C),Insoluble,250,34,50 (@44°C),162,,
,307,Palm Oil Fatty Acid Methyl Ester,67784-80-9,Y,A,L2,A,0.88,Insoluble,200,17.5,4.5,100,,
,308,Palm Oil Mill Effluent,8002-75-3,Y,B,—,—,0.90 (@40°C),Insoluble,250,36,50 (@38°C),—,,
,309,Palm Oil Mill Effluent Oil Fatty Acid Distillate,68440-15-3,Y,—,—,—,0.86 (@50°C),Insoluble,200,30,5 (@90°C),150,,
,310,Palmitic Acid,57-10-3,Y,A,L2,A,0.853 (@62°C),Insoluble,350,62,7 (@80°C),100,,
,311,Palm Kernel Fatty Acid,—,Y,A,L2,A,0.86 (@60°C),Insoluble,—,50,—,—,,
,312,Palm Kernel Oil,8023-79-8,Y,A,L1,A,0.90 (@40°C),Insoluble,—,26,—,203,,
,313,Palm Kernel Stearin,8023-79-8,Y,A,L1,A,0.91 (0.91–0.93),Insoluble,250,32,—,240,,
,314,Palm Olein,8002-75-3,Y,A,L1,A,0.89 (@30°C),Insoluble,—,19,50 (@29°C),—,,
,315,Palm Stearin,—,Y,A,L1,A,0.89 (@55°C),Insoluble,177,47,—,160,,
,316,PARA-CYMENE,99-87-6,Y,–,–,–,0.86,Insoluble,177,-68,–,47,–,
,317,PARAFFIN WAX,8002-74-2,Y,A,L2,A,0.77,Unknown,–,45,–,–,–,
,318,PARALDEHYDE,123-63-7,Z,–,–,–,0.99,Partly Soluble,124,12,–,17,–,
,319,PARA-NITROTOLUENE,99-99-0,Y,–,–,–,1.29,Insoluble,238,53,–,106,–,
,320,PARA-VINYLTOLUENE,622-97-9,Y,B,–,–,0.9,Insoluble,170,-77,–,53,–,
,321,PENTACHLOROETHANE,76-01-7,Y,–,–,–,1.69,Insoluble,162,-29,–,–,–,
,322,"1,3-PENTADIENE",504-60-9,Y,–,–,–,0.68,Insoluble,42,-87,0.28,-28,–,
,323,PERCHLOROETHYLENE,127-18-4,Y,B,–,–,1.6221,Insoluble,121,-23,0.841,–,–,
,324,PETROLATUM,8009-03-08,X,–,–,–,0.829 (@50°C),Insoluble,150,38,16 (@54°C),185,–,
,325,PETROLEUM WAX,8002-74-2,X,A,L2,A,0.833 (@15°C),Insoluble,345,50,–,190,–,
,326,PHENOL,108-95-2,Y,–,–,–,1.071,Moderate,181,41,3.6,79,–,
,327,PHOSPHORIC ACID,7664-38-2,Z,A,L1,A,1.69 (@25°C),Complete,185,21,–,–,–,
[328] PHTHALATES,,,,,,,,,,,,,,,
,328,BUTYLBENZYLPHTHALATE,85-68-7,X,B,–,–,1.12,Insoluble,370,-35,25.7,199,–,
,328,DI(2-ETHYLHEXYL)PHTHALATE,117-81-7,Y,B,–,–,0.98,Insoluble,385,-50,81,188,–,
,328,DIALKYL (C9-C10) PHTHALATES,68515-48-0,Y,B,–,–,0.97,Insoluble,300,-45,95 (Approx.),200,Yes,
,328,DIALKYLPHTHALATE,39393-37-8,X,B,–,–,0.953,Insoluble,336,-40,–,–,–,
,328,DIBUTYLPHTHALATE,84-74-2,X,B,–,–,1.05,Insoluble,340,-35,20,157,–,
,328,DIETHYLPHTHALATE,84-66-2,Y,B,–,–,1.12,Insoluble,299,-3,12.1,150,–,
,328,DIHEPTYLPHTHALATE,3648-21-3,Y,B,–,–,1.00 (Approx.),Insoluble,–,-55,31,230,–,
,328,DIHEXYLPHTHALATE,84-75-3,Y,B,–,–,1.00 (Approx.),Insoluble,350,-58,–,177,–,
,328,DIISOBUTYLPHTHALATE,84-69-5,X,B,–,–,1.04,Insoluble,327,-64,41.6,160,–,
,328,DIISODECYLPHTHALATE,68515-49-1,X,B,–,–,0.97,Insoluble,250,-50,114,232,Yes,
,328,DIISONONYLPHTHALATE,28553-12-0,Y,B,–,–,0.97,Insoluble,250,-48,94,214,Yes,
,328,DIISOOCTYLPHTHALATE,27554-26-3,Y,B,–,–,0.99,Insoluble,370,-43,60,204,–,
,328,DIMETHYLPHTHALATE,0131-11-3,Y,B,–,–,1.19,0.4,284,0,17,146,–,
,328,DINONYLPHTHALATE,84-76-4,Y,B,–,–,0.979,Insoluble,–,–,166,215,–,
,328,DITRIDECYLPHTHALATE,0119-06-02,Y,B,–,–,0.951,Insoluble,400,-37,190,237,Yes,
,328,DIUNDECYLPHTHALATE,3648-20-2,Y,B,–,–,0.95,Insoluble,400,-35,141,254,Yes,
,328,EMOLTENE 100,53306-54-0,Y,B,–,–,0.96,Insoluble,252,-48,120 (@20°C),220,–,
,328,N-OCTYL-N-DECYL PHTHALATE,0119-07-03,X,B,–,–,0.97,Insoluble,250,-48,97,214,–,
[329] PICOLINES,,,,,,,,,,,,,,,
,329,β-PICOLINE,108-99-6,Z,–,–,–,0.96,Complete,144,-18,–,40,–,
,329,α-PICOLINE,0109-06-08,Z,–,–,–,0.94,Complete,129,-67,–,27,–,
,329,γ-PICOLINE,108-89-4,Z,–,–,–,0.96,Complete,145,3.7,–,40,–,
[330] PINENES,,,,,,,,,,,,,,,
,330,ALPHA-PINENE,80-56-8,X,–,–,–,0.86,Insoluble,156,-55,–,33,–,
,330,BETA-PINENE,127-91-3,X,–,–,–,0.859,0.0005,167,-61,–,47,–,
,331,PINE OIL,8002-09-03,X,A,–,A,0.86,Insoluble,200,–,–,57,–,
,332,POLYETHYLENE GLYCOLS,25322-68-3,Z,–,–,–,1.127 (Lower Limit),Complete,200,-8,6,218,–,
,333,POLYMETHYLENE POLYPHENYL ISOCYANATE,9016-87-9,Y,B,–,–,1.23 (@25°C),Reaction,230,10,50 (@50°C),204,–,
,334,POLYPROPYLENE GLYCOLS,25322-69-4,Z,A,L2,A,1.01 (Approx.),Insoluble,–,-30,560 (Approx.),170,–,
,335,POTASSIUM HYDROXIDE SOLUTION (45%),1310-58-3,Y,A,L2,A,1.45,Complete,132,-29,–,–,–,
,336,"1,3-PROPANEDIOL",504-63-2,OS,A,L2,A,1.053,Complete,214,-27,52,129,–,
,337,PROPIONALDEHYDE,123-38-6,Y,–,–,–,0.807,21,49,-81,0.344,-22,–,
,338,PROPIONIC ACID,79-09-4,Y,–,–,–,0.995,Complete,105,-20,1.02,50,–,
,339,PROPIONIC ANHYDRIDE,123-62-6,Y,–,–,–,1.01,Reaction,167,-45,1.12,74,–,
,340,PROPIONITRILE,107-12-0,Y,–,–,–,0.78,15,97,-92,–,2,–,
,341,PROPYL CHLORIDE,540-54-5,–,–,–,–,0.891,0.27,47,-123,–,-20,Yes,
,342,PROPYLENE TETRAMER,6842-15-5,X,A,L2,A,0.76,Insoluble,213,-35,1.3,58,–,
,343,PROPYLENE TRIMER,27215-95-8,Y,–,–,–,0.74,Insoluble,134,-76,0.8,25,Yes,
,344,PROPYLENE DICHLORIDE,78-87-5,Y,–,–,–,1.155,Slight,96,-100,0.86,15,Yes,
,345,PROPYLENE GLYCOL,57-55-6,OS,A,L1,A,1.0366,Complete,187,-20,43.4 (@25°C),104,–,
,346,PROPYLENE GLYCOL MONOMETHYL ETHER,107-98-2,Z,–,–,–,0.921,Complete,117,-96,–,30,–,
,347,PROPYLENE GLYCOL MONOMETHYL ETHER ACETATE,108-65-6,Z,–,–,–,0.967,19,143,-65,–,45,–,
,348,PROPYLENE GLYCOL MONOPROPYL ETHER,1569-01-03,Z,–,–,–,0.8805 (@25°C),Complete,149,-70,2.389 (@25°C),46,–,
,349,PROPYLENE OXIDE,75-56-9,Y,B,–,–,0.83,40,35,-112,0.58,-37,Yes,
,350,PYRIDINE,110-86-1,Y,B,–,–,0.983,Complete,115,-42,0.97,17,–,
,351,PYROLYSIS GASOLINE (Containing Benzene),68606-10-0,Y,–,–,–,0.84,Insoluble,40,-50,1 (@25°C),-30,Yes,
,352,RAPESEED OIL,8002-13-9,Y,–,–,–,0.915,Insoluble,350,0,60 (60–70),300,–,
,353,RAPESEED OIL (Low Erucic Acid),120962-03-0,Y,A,L1,A,0.915,Insoluble,–,-8,60 (Approx.),–,–,
,354,REFORMATE (C7–C13),68955-35-1,A1,–,–,–,0.8 (0.8–1.0),Insoluble,227,–,–,99,Yes,
,355,RENEWABLE DIESEL,–,A1,–,–,–,0.78 (0.77–0.79),Insoluble,180,-20,5,61,Yes,
,356,RENEWABLE NAPHTHA,–,A1,–,–,–,0.67,Insoluble,40,-60,0.335 (@25°C),0,–,
,357,"RESIDUAL MARINE FUELS, LOW SULFUR",68476-33-5,A1,B,–,–,0.991 (@15°C),Insoluble,160,30,380 (@50°C),62,Yes,
,358,SAFFLOWER OIL,8001-23-8,Y,A,L1,A,0.921,Insoluble,300,0,20,250,–,
,359,SEC-BUTANOL,78-92-2,Z,–,–,–,0.81,Partly Soluble,100,-115,3.5,24,–,
,360,SHELL GTL KEROSENE,848301-66-6,A1,–,–,–,0.73 (0.73–0.77 @15°C),Negligible,150,–,0.75 (Approx.),40,Yes,
,361,SHELL GTL WAXY RAFFINATE,848301-87-1,A1,–,–,–,0.81 (@15°C),Negligible,280,9,16.1 (@40°C),200,–,
[362] SHELLSOLS,,,,,,,,,,,,,,,
,362,SHELLSOL 15,–,A1,–,–,–,0.793 (@15°C),Insoluble,157,–,–,43,Yes,
,362,SHELLSOL A100,64742-95-6,A1,–,–,–,0.88,Insoluble,150,-25,0.9,38,Yes,
,362,SHELLSOL A150,64742-94-5,A1,–,–,–,0.88 (Lower Limit),Insoluble,179,-20,–,62,Yes,
,362,SHELLSOL D100,64742-47-8,A1,–,–,–,0.797 (@15°C),Insoluble,238,-26,2.9 (@25°C),103,Yes,
,362,SHELLSOL D40,64742-48-9,A1,–,–,–,0.77 (@15°C),Insoluble,149,–,–,40,Yes,
,362,SHELLSOL D60,64742-48-9,A1,–,–,–,0.781 (Approx.),Insoluble,179,-50,1.6 (@25°C),61,Yes,
,362,ShellSol D70,64742-47-8,A1,-,-,-,0.792,Insoluble,203,-50,1.56 (@25°C),78,Yes,
,362,ShellSol D90,64742-47-8,A1,-,-,-,0.788 (@15°C),Insoluble,225,-30,1.55 (@25°C),95,Yes,
,362,ShellSol H,64742-82-1,A1,-,-,-,0.79 (@15°C),Insoluble,187,-30,1.4 (@25°C),63,Yes,
,362,ShellSol T,64741-65-7,A1,-,-,-,0.761 (@15°C),Insoluble,187,-30,1.9 (@25°C),60,Yes,
,362,ShellSol TD,64741-65-7,A1,-,-,-,0.751 (@15°C),Insoluble,172,-30,1.2,44,Yes,
,362,ShellSol TH,-,A1,-,-,-,0.761 (@15°C),Insoluble,187,-30,1.4 (@25°C),63,Yes,
,362,ShellSol TK,64741-65-7,A1,-,-,-,0.77 (@15°C),Insoluble,185,-,1.29 (Approx.),60,Yes,
,363,Slack Wax,64742-61-6,A1,-,-,-,0.78 (@70°C),Insoluble,280,50,3.5,220,Yes,
,364,Sodium Hydroxide Solution 50%,1310-73-2,Y,A,L2,A,1.52,Complete,140,14,120,-,-,
,365,Sodium Silicate,1344-09-08,Y,A,L2,A,1.4 (Approx.),Complete,102,-,-,-,-,
[366] SOLVESSOS,,,,,,,,,,,,,,,
,366,Solvesso 100,64742-95-6,A1,-,-,-,0.88 (@15°C),Negligible,165,-114,0.89,50,Yes,
,366,Solvesso 150,64742-94-5,A1,-,-,-,0.894,Insoluble,175,-20,1.14,62,Yes,
,366,Solvesso 200,64742-94-5,A1,-,-,-,0.987,Insoluble,220,-10,3.2 (@25°C),95,Yes,
,367,Sorbitol,50-70-4,OS,A,L1,A,1.29 (70% sol.),Complete,105,-,-,283,-,
,368,Soyabean Oil,8001-22-7,Y,A,L1,A,0.92,Insoluble,250,-10,60,320,-,
[369] SPECIAL BOILING POINT SOLVENTS,,,,,,,,,,,,,,,
,369,SBP 100/140,64742-49-0,A1,-,-,-,0.728 (@15°C),Insoluble,107,-30,0.76 (@25°C),1,Yes,
,369,SBP 140/165,64742-49-0,A1,-,-,-,0.75 (@15°C),Insoluble,143,-30,0.91 (@25°C),27,Yes,
,369,SBP 80/100,64742-49-0,A1,-,-,-,0.714 (@15°C),Insoluble,88,-30,0.61 (@25°C),-12,Yes,
,370,Stearic Acid,57-11-4,Y,A,L2,A,0.84 (@60°C),1,300,70,-,-,-,
,371,Styrene Monomer,100-42-5,Y,B,-,-,0.906,Insoluble,145,-31,0.7 (@25°C),32,Yes,
,372,Sulpholane,126-33-0,Y,-,-,-,1.261,Complete,285,27,10.34,165,-,
,373,Sulphuric Acid,7664-93-9,Y,A,L2,A,1.8,Complete,340,3,14.6,-,-,
,374,Sunflower Oil,-,Y,A,L1,A,0.92,Insoluble,204,-18,68 (Lower limit),160,-,
,375,Tall Oil Fatty Acid (Type I & II),61790-12-3,Y,-,L2,-,0.9,Insoluble,-,-,40 (Lower limit),200,-,
,376,Tall Oil Pitch,8016-81-7,Y,B,-,-,1 (@25°C),Insoluble,200,-,30000,200,-,
,377,"Tall Oil, Crude",8002-26-4,Y,B,-,-,0.97 (Lower limit),Insoluble,200,-10,120 (5–120),120,-,
,378,Tallow,-,Y,A,L2,A,0.89,Insoluble,-,25,-,-,-,
,379,tert-Butanol,75-65-0,Z,-,-,-,0.78,Complete,83,26,3,11,-,
,380,tert-Butyl Acrylate,1663-39-4,Y,B,-,-,0.885,0.2,121,-69,-,10,Yes,
,381,"1,1,2,2-Tetrachloroethane",79-34-5,Y,-,-,-,1.6,0.3,147,-43,1.84,-,-,
,382,Tetraethylene Glycol,112-60-7,Z,-,-,-,1.125,Complete,327,-4,44.6,174,-,
,383,Tetraethylenepentamine,112-57-2,Y,-,-,-,1,Complete,330,-30,-,163,-,
,384,Tetrahydrofuran,109-99-9,Z,-,-,-,0.887,Complete,66,-108,0.456 (@25°C),-22,Yes,
,385,"1,2,3,4-Tetrahydronaphthalene",119-64-2,Y,-,-,-,0.97,Insoluble,208,-30,2,71,-,
,386,Toluene,108-88-3,Y,-,-,-,0.87 (@15°C),Insoluble,111,-95,0.59,4,Yes,
,387,Toluene Diisocyanate,584-84-9,Y,B,-,-,1.22,Reaction,247,12.5,5.5,127,-,
,388,Tributyl Phosphate,126-73-8,Y,-,-,-,0.98,0.4,290,-80,3.4,146,-,
,389,"1,1,2-Trichloro-1,2,2-Trifluoroethane",76-13-1,Y,-,-,-,1.56,0.028,47,-35,-,-,-,
,390,"1,2,4-Trichlorobenzene",120-82-1,X,-,-,-,1.45,Insoluble,213,17,-,110,-,
,391,"1,1,2-Trichloroethane",79-00-5,Y,-,-,-,1.4,0.4,114,-35,1.2,-,-,
,392,Trichloroethylene,79-01-6,Y,-,-,-,1.46,0.11,87,-86,0.58,-,-,
,393,"1,2,3-Trichloropropane",96-18-4,Y,-,-,-,1.4,0.18,156,-15,-,74,-,
,394,Tridecane,629-50-5,Y,-,-,-,0.756,Insoluble,234,-4,1.55,79,-,
,395,Tridecanol,112-70-9,Y,A,L2,A,0.84 (Approx.),Insoluble,240,30,-,82,-,
,396,Triethanolamine,102-71-6,Z,-,-,-,1.13,Complete,310,16,-,194,-,
,397,Triethylamine,121-44-8,Y,-,-,-,0.73,Complete,89,-115,0.38,-7,-,
,398,Triethylene Glycol,112-27-6,OS,-,-,-,1.125,Complete,286,-4,47.8,165,-,
,399,Triethylene Glycol Monomethyl Ether,112-35-6,Z,-,-,-,1.05,Complete,249,-44,-,110,-,
,400,Triethylenetetramine,112-24-3,Y,-,-,-,0.98,Complete,277,-35,26,148,-,
,401,Triethyl Phosphate,78-40-0,Z,-,-,-,1.07,Complete,210,-56,-,115,-,
,402,Triethyl Phosphite,122-52-1,Z,-,-,-,0.96,Reaction,156,-112,-,54,-,
,403,Triisopropanolamine,122-20-3,Z,-,-,-,1,Complete,301,45,100 (@60°C),174,-,
,404,Trimethylacetic Acid,75-98-9,Y,-,-,-,0.905,2.2,164,35,-,64,-,
,405,Trimethylamine Solution (≤30%),75-50-3,Z,-,-,-,0.97,Complete,30,-2,-,-20,-,
[406] TRIMETHYLBENZENES,,,,,,,,,,,,,,,
,406,"1,2,4-Trimethylbenzene",95-63-6,X,-,-,-,0.88,Insoluble,168,-44,-,44,Yes,
,406,"1,3,5-Trimethylbenzene",108-67-8,X,-,-,-,0.86,Insoluble,165,-45,-,44,Yes,
,407,Trimethyl Phosphite,121-45-9,-,-,-,-,1.05,Reaction,110,-78,-,27,-,
,408,Tripropylene Glycol,24800-44-0,Z,-,-,-,1.021,Complete,270,-20,55,145,-,
,409,Tung Oil,8001-20-5,Y,A,L2,A,0.87,Insoluble,205,4,117 (@37°C),-,-,
,410,Ultra Low Sulphur Fuel Oil DM Grade,68476-33-5,A1,-,-,-,0.91 (0.79–0.91),Insoluble,-,18,60 (10–60 @50°C),61,Yes,
,411,Ultra Low Sulphur Fuel Oil RM Grade,68476-33-5,A1,-,-,-,0.91 (0.79–0.91),Insoluble,-,18,60 (10–60 @50°C),61,Yes,
,412,Undecane,1120-21-4,Y,-,-,-,0.74,Insoluble,196,-26,1.17,60,-,
,413,Urea Ammonium Nitrate Solution,6484-52-2,Y,A,L2,A,1.32 (1.265–1.35),100,121,0,3,-,-,
,414,Urea Solution,57-13-6,Z,A,-,-,1.09,100,100,-11.5,-,-,-,
,415,Used Cooking Oil,68475-81-0,X,B,-,-,0.89 (@60°C),Insoluble,-,20,65.23,255,-,
,416,Used Cooking Oil (Triglycerides C16–C18 & C18 Unsaturated),68990-65-8,Y,B,-,-,0.91 (0.91–0.94),Insoluble,-,25,40 (@40°C),220,-,
,417,Used Cooking Oil Methyl Esters,67762-38-3,Y,B,-,-,0.8881,Insoluble,354,6,40 (@40°C),173,-,
,418,Vacuum Gas Oil,64741-57-7,A1,-,-,-,0.91 (@15°C),Insoluble,300,12,40 (@50°C),130,Yes,
,419,Valeraldehyde,110-62-3,Y,-,-,-,0.81,1.8,100,-92,0.54,4,Yes,
[420] VARSOLS,,,,,,,,,,,,,,,
,420,Varsol 140,-,Y,-,-,-,0.845,Insoluble,295,-,6.84,140,Yes,
,420,Varsol 30,-,A1,-,-,-,0.771,Insoluble,137,-,0.74,29,Yes,
,420,Varsol 40,-,A1,-,-,-,0.783,Insoluble,153,-,0.87,41,Yes,
,420,Varsol 80,-,A1,-,-,-,0.812,Insoluble,203,-,1.62,79,Yes,
,421,Vegetable Acid Oils,-,Y,-,-,-,Unknown,Insoluble,-,-,-,-,-,
,422,Very Low Sulphur Fuel Oil DM Grade,68476-33-5,A1,-,-,-,0.91 (0.79–0.91),Insoluble,-,-,-,61,Yes,
,423,Very Low Sulphur Fuel Oil RM Grade,68476-33-5,A1,-,-,-,0.91 (0.79–0.91),Insoluble,-,-,-,61,Yes,
,424,Vinyl Ethyl Ether,109-92-2,Z,-,-,-,0.75,0.8,36,-115,-,-46,Yes,
,425,Vinyl Acetate,0108-05-04,Y,B,-,-,0.934,2,73,-93,0.4,-4,Yes,
,426,Vinylidene Chloride,75-35-4,Y,-,-,-,1.22,0.5,32,-122,0.33,-10,-,
,427,Vinyltoluenes (Mixed Isomers),25013-15-4,Y,B,-,-,0.9,Insoluble,170,-77,0.84,53,-,
,428,Waxy Residues,-,A1,B,-,-,0.97 (Upper Limit),Insoluble,200,38,-,215,-,
,429,White Spirit High Aromatic,64742-82-1,A1,-,-,-,0.8,Insoluble,148,-,-,40,Yes,
,430,White Spirit Low (15–20%) Aromatic,64742-82-1,Y,-,-,-,0.78 (@15°C),Insoluble,155,-50,1.75,41,Yes,
[431] XYLENES,,,,,,,,,,,,,,,
,431,Meta-Xylene,108-38-3,Y,-,-,-,0.868,Insoluble,138,-48,0.64,25,Yes,
,431,Ortho-Xylene,95-47-6,Y,-,-,-,0.83 (@15°C),Insoluble,145,-24,0.9,27,Yes,
,431,Para-Xylene,106-42-3,Y,-,-,-,0.861,Insoluble,138,13,0.65,23,Yes,
,431,Xylenes (Mixed Isomers),1330-20-7,Y,-,-,-,0.86 (@15°C),Insoluble,140,-50,0.90 (Approx.),25,Yes,