IBC Code 2020 — Operational References Master Database,,,,,,
Source: IBC Code 2020 Edition (OCR PDF)  |  Total References: 61  |  Resolved: 61  |  Not Found: 0  |  Chapter 17 column o extraction,,,,,,
#,Reference,Chapter,Page,Title / Description,Full Text,Status
1,15.2,15,51,Ammonium nitrate solution (93% or less),"15.2      Ammonium nitrate solution (93% or less)
15.2.1    The ammonium nitrate solution shall contain at least 7% by weight of water. The acidity (pH) of the
          cargo when diluted with ten parts of water to one part of cargo by weight shall be between 5.0 and
          7.0. The solution shall not contain more than 10 ppm chloride ions, 10 ppm ferric ions and shall be
          free of other contaminants.

15.2.2    Tanks and equipment for ammonium nitrate solution shall be independent of tanks and equipment
          containing other cargoes or combustible products. Equipment which may, in service or when
          defective, release combustible products into the cargo (e.g. lubricants) shall not be used. Tanks
          shall not be used for seawater ballast.

15.2.3    Except where expressly approved by the Administration, ammonium nitrate solutions shall not be
          transported in tanks which have previously contained other cargoes unless tanks and associated
          equipment have been cleaned to the satisfaction of the Administration.

15.2.4    The temperature of the heat-exchanging medium in the tank heating system shall not exceed 160°C.
          The heating system shall be provided with a control system to keep the cargo at a bulk mean
          temperature of 140°C. High-temperature alarms at 145°C and 150°C and a low-temperature alarm
          at 125°C shall be provided. Where the temperature of the heat-exchanging medium exceeds 160°C,
          an alarm shall also be given. Temperature alarms and controls shall be located on the navigating
          bridge.

15.2.5    If the bulk mean cargo temperature reaches 145°C, a cargo sample shall be diluted with ten parts of
          distilled or demineralized water to one part of cargo by weight and the pH shall be determined by
          means of a narrow-range indicator paper or stick. Acidity measurements shall then be taken every
          24 hours. If the pH is found to be below 4.2, ammonia gas shall be injected into the cargo until the
          pH of 5.0 is reached.

15.2.6    A fixed installation shall be provided to inject ammonia gas into the cargo. Controls for this system
          shall be located on the navigation bridge. For this purpose, 300 kg of ammonia per 1,000 tonnes of
          ammonium nitrate solution shall be available on board.

15.2.7    Cargo pumps shall be of the centrifugal deepwell type or of the centrifugal type with water-flushed
          seals.

15.2.8    Vent piping shall be fitted with approved weatherhoods to prevent clogging. Such weatherhoods
          shall be accessible for inspection and cleaning.

 15.2.9    Hot work on tanks, piping and equipment which have been in contact with ammonium nitrate
           solution shall only be done after all traces of ammonium nitrate have been removed, inside as well
           as outside.

 IBC CODE 2020 EDITION                                                                                      54",✓ Resolved
2,15.3,15,52,Carbon disulphide,"15.3      Carbon disulphide
          Carbon disulphide may be carried either under a water pad or under a suitable inert gas pad as
          specified in the following paragraphs.

Carriage under water pad
15.3.1    Provision shall be made to maintain a water pad in the cargo tank during loading, unloading and
          transit. In addition, an inert gas pad shall be maintained in the ullage space during transit.
15.3.2    All openings shall be in the top of the tank, above the deck.
15.3.3    Loading lines shall terminate near the bottom of the tank.
15.3.4    A standard ullage opening shall be provided for emergency sounding.
15.3.5    Cargo piping and vent lines shall be independent of piping and vent lines used for other cargo.
15.3.6    Pumps may be used for discharging cargo, provided they are of the deepwell or hydraulically driven
          submersible types. The means of driving a deepwell pump shall not present a source of ignition for
          carbon disulphide and shall not employ equipment that may exceed a temperature of 80°C.
15.3.7    If a cargo discharge pump is used, it shall be inserted through a cylindrical well extending from the
          tank top to a point near the tank bottom. A water pad shall be formed in this well before attempting
          pump removal unless the tank has been certified as gas-free.
15.3.8    Water or inert gas displacement may be used for discharging cargo, provided the cargo system is
          designed for the expected pressure and temperature.
15.3.9    Safety relief valves shall be of stainless steel construction.
15.3.10   Because of its low ignition temperature and close clearances required to arrest its flame propagation,
          only intrinsically safe systems and circuits are permitted in the hazardous locations.

Carriage under suitable inert gas pad
15.3.11   Carbon disulphide shall be carried in independent tanks with a design pressure of not less than
          0.06 MPa gauge.

15.3.12   All openings shall be located on the top of the tank, above the deck.
15.3.13   Gaskets used in the containment system shall be of a material which does not react with, or dissolve
          in, carbon disulphide.                               ;

15.3.14   Threaded joints shall not be permitted in the cargo containment system, including the vapour lines.
15.3.15   Prior to loading, the tank(s) shall be inerted with suitable inert gas until the oxygen level is 2% by
          volume or lower. Means shall be provided to automatically maintain a positive pressure in the tank
          using suitable inert gas during loading, transport and discharge. The system shall be able to maintain
          this positive pressure between 0.01 and 0.02 MPa, and shall be remotely monitored and fitted with
          over-/under-pressure alarms.
15.3.16   Hold spaces surrounding an independent tank carrying carbon disulphide shall be inerted by a
          suitable inert gas until the oxygen level is 2% or less. Means shall be provided to monitor and
          maintain this condition throughout the voyage. Means shall also be provided to sample these spaces
          for carbon disulphide vapour.
15.3.17   Carbon disulphide shall be loaded, transported and discharged in such a manner that venting to the
          atmosphere does not occur. If carbon disulphide vapour is returned to shore during loading or to
          the ship during discharge, the vapour-return system shall be independent of all other containment
          systems.

15.3.18
          Carbon disulphide shall be discharged only by submerged deepwell pumps or by a suitable inert
          gas displacement. The submerged deepwell pumps shall be operated in a way that prevents heat
          build-up in the pump. The pump shall also be equipped with a temperature sensor in the pump
          housing with remote readout and alarm in the cargo control room. The alarm shall be set at 80°C.
          The pump shall also be fitted with an automatic shut-down device to be activated if the tank
          pressure falls below atmospheric pressure during the discharge.

15.3.19   Air shall not be allowed to enter the cargo tank, cargo pump or lines while carbon disulphide is
          contained in the system.
15.3.20   No other cargo handling, tank cleaning or deballasting shall take place concurrent with loading or
          discharge of carbon disulphide.

15.3.21   A water spray system of sufficient capacity shall be provided to blanket effectively the area
          surrounding the loading manifold, the exposed deck piping associated with product handling
          and the tank domes. The arrangement of piping and nozzles shall be such as to give a uniform
          distribution rate of 10 L/m?/min. Remote manual operation shall be arranged such that remote
          starting of pumps supplying the water-spray system and remote operation of any normally closed
          valves in the system can be carried out from a suitable location outside the cargo area adjacent
          to the accommodation spaces and readily accessible and operable in the event of fire in the areas
          protected. The water-spray system shall be capable of both local and remote manual operation,
          and the arrangement shall ensure that any spilled cargo is washed away. Additionally, a water hose
          with pressure to the nozzle when atmospheric temperature permits, shall be connected ready for
          immediate use during loading and unloading operations.

15.3.22   No cargo tanks shall be more than 98% liquid-full at the reference temperature (R).
15.3.23   The maximum volume (V,) of cargo to be loaded in a tank shall be:
                Vi= o.gav 22
          where
                V = volume of the tank
                Pr = density of cargo at the reference temperature (R)
                p, = density of cargo at the loading temperature
                R = reference temperature

15.3.24   The maximum allowable tank filling limits for each cargo tank shall be indicated for each loading
          temperature which may be applied, and for the applicable maximum reference temperature, on a
          list approved by the Administration. A copy of the list shall be permanently kept on board by the
          master.
15.3.25   Zones on open deck, or semi-enclosed spaces on open deck within 3 metres of a tank outlet, gas or
          vapour outlet, cargo pipe flange or cargo valve of a tank certified to carry carbon disulphide, shall
          comply with the electrical equipment requirements specified for carbon disulphide in column i,
          chapter 17. Also, within the specified zone, no other heat sources, like steam piping, with surface
          temperatures in excess of 80°C shall be allowed.

15.3.26    Means shall be provided to ullage and sample the cargo without opening the tank or disturbing the
           positive suitable inert gas blanket.

15.3.27   The product shall be transported only in accordance with a cargo-handling plan that has been
          -approved by the Administration. Cargo-handling plans shall show the entire cargo piping system. A
           copy of the approved cargo-handling plan shall be available on board. The International Certificate
           of Fitness for the Carriage of Dangerous Chemicals in Bulk shall be endorsed to include reference
           to the approved cargo-handling plan.",✓ Resolved
3,15.4,15,54,Diethyl ether,"15.4       Diethyl ether
 15.4.1     Unless inerted, natural ventilation shall be provided for the voids around the cargo tanks while
            the vessel is under way. If a mechanical ventilation system is installed, all blowers shall be of
            non-sparking construction. Mechanical ventilation equipment shall not be located in the void
            spaces surrounding the cargo tanks.
 15.4.2     Pressure-relief valve settings shall not be less than 0.02 MPa gauge for gravity tanks.
 15.4.3     Inert gas displacement may be used for discharging cargo from pressure tanks provided the cargo
            system is designed for the expected pressure.
 15.4.4     In view of the fire hazard, provision shall be made to avoid any ignition source or heat generation
            or both in the cargo area.
15.4.5      Pumps may be used for discharging cargo, provided that they are of a type designed to avoid liquid
            pressure against the shaft gland or are of a hydraulically operated submerged type and are suitable
            for use with the cargo.
 15.4.6     Provision shall be made to maintain the inert gas pad in the cargo tank during loading, unloading
            and transit.",✓ Resolved
4,15.4.6,15,54,,"15.4.6     Provision shall be made to maintain the inert gas pad in the cargo tank during loading, unloading
            and transit.",✓ Resolved
5,15.5,15,54,Hydrogen peroxide solutions ,"15.5.1     Hydrogen peroxide solutions over 60% but not over 70% by mass
 15.5.1.1   Hydrogen peroxide solutions over 60% but not over 70% by mass shall be carried in dedicated
            ships only and no other cargoes shall be carried.
 15.5.1.2   Cargo tanks and associated equipment shall be either pure aluminium (99.5%) or solid stainless steel
            (304L, 316, 316L or 316Ti), and passivated in accordance with approved procedures. Aluminium
            shall not be used for piping on deck. All non-metallic materials of construction for the containment
            system shall neither be attacked by hydrogen peroxide nor contribute to its decomposition.
 15.5.1.3   Pump-rooms shall not be used for cargo transfer operations.
 15.5.1.4   Cargo tanks shall be separated by cofferdams from oil fuel tanks or any other space containing
            flammable or combustible materials.
 15.5.1.5 Tanks intended for the carriage of hydrogen peroxide shall not be used for seawater ballast.
 15.5.1.6   Temperature sensors shall be installed at the top and bottom of the tank. Remote temperature
            readouts and continuous monitoring shall be located on the navigating bridge. If the temperature in
            the tanks rises above 35°C, visible and audible alarms shall be activated on the navigating bridge.
 15.5.1.7   Fixed oxygen monitors (or gas-sampling lines) shall be provided in void spaces adjacent to tanks
            to detect leakage of the cargo into these spaces. Remote readouts, continuous monitoring (if
            gas-sampling lines are used, intermittent sampling is satisfactory) and visible and audible alarms
            similar to those for the temperature sensors shall also be located on the navigating bridge. The
            visible and audible alarms shall be activated if the oxygen concentration in these void spaces
            exceeds 30% by volume. Two portable oxygen monitors shall also be available as back-up systems.
 15.5.1.8   As a safeguard against uncontrolled decomposition, a cargo-jettisoning system shall be installed to
            discharge the cargo overboard. The cargo shall be jettisoned if the temperature rise of the cargo
            exceeds a rate of 2°C per hour over a 5-hour period or when the temperature in the tank exceeds
            40°C.

 15.5.1.9   Cargo tank venting systems shall have pressure/vacuum-relief valves for normal controlled venting,
            and rupture discs or a similar device for emergency venting, should tank pressure rise rapidly as

          a result of uncontrolled decomposition. Rupture discs shall be sized on the basis of tank design
          pressure, tank size and anticipated decomposition rate.
15.5.1.10 A fixed water-spray system shall be provided for diluting and washing away any concentra
                                                                                                               ted
          hydrogen peroxide solution spilled on deck. The areas covered by the water-spra         y  shall include
          the manifold/hose connections and the tank tops of those tanks designated for carrying hydrogen
          peroxide solutions. The minimum application rate shall satisfy the following criteria:
          1     The product shall be diluted from the original concentration to 35% by mass within 5 minutes
                of the spill:                                                                ,

          2 The rate and estimated size of the spill shall be based upon maximum anticipated loading and
                discharge rates, the time required to stop flow of cargo in the event of tank overfill or a piping/
                hose failure, and the time necessary to begin application of dilution water with actuation at
                the cargo control location or on the navigating bridge.
15.5.1.11 Only those hydrogen peroxide solutions which have a maximum decomposition rate of
                                                                                            1%               per
          year at 25°C shall be carried. Certification from the shipper   that the  product  meets this standard
          shall be presented to the master and kept on board. A technical representative of the manufacturer
          shall be on board to monitor the transfer operations and have the capability to test the stability of
          the hydrogen peroxide. He shall certify to the master that the cargo has been loaded in a stable
          condition.
15.5.1.12 Protective clothing that is resistant to hydrogen peroxide solutions shall be provided for each
crew  member involved in cargo, transfer operations    .  Protective clothing  shall include non-flamm  able
          coveralls, suitable gloves, boots and eye protection .",✓ Resolved
6,15.5.2,15,55,Hydrogen peroxide solutions over 8% but not over 60% by mass,"15.5.2       Hydrogen peroxide solutions over 8% but not over 60% by mass
 15.5.2.1    The ship’s shell plating shall not form any boundaries of tanks containing this product.
 15.5.2.2    Hydrogen peroxide shall be carried in tanks thoroughly and effectively cleaned of all traces of
             previous cargoes and their vapours or ballast. Procedures for inspection, cleaning, passivation and
             loading of tanks shall be in accordance with MSC/Circ.394. A certificate shall be on board the vessel
             indicating that the procedures in the circular have been followed. The passivation requirement may
             be waived by an Administration for domestic shipments of short duration. Particular care in this
             respect is essential to ensure the safe carriage of hydrogen peroxide:
             1     When hydrogen peroxide is carried, no other cargoes shall be carried simultaneously.
             2     Tanks which have contained hydrogen peroxide may be used for other cargoes after cleaning
                   in accordance with the procedures outlined in MSC/Circ.394.
             3.    Consideration in design shall provide minimum internal tank structure, free draining, no
                   entrapment and ease of visual inspection.
 15.5.2.3 Cargo tanks and associated equipment shall be either pure aluminium (99.5%) or solid
                                                                                                       stainless
                                                                                                               m
          steel of types suitable for use with hydrogen peroxide (e.g. 304, 304L, 316, 316L, 316Ti). Aluminiu
          shall not be used for piping on deck. All non-metallic materials of construction for the containment
          system shall neither be attacked by hydrogen peroxide nor contribute to its decomposition.
 15.5.2.4 Cargo tanks shall be separated by a cofferdam from fuel oil tanks or any other
                                                                                              space containing
          materials incompatible with hydrogen peroxide.
- 15.5.2.5    Temperature sensors shall be installed at the top and bottom of the tank. Remote temperature
           readouts and continuous monitoring shall be located on the navigating bridge. If the temperature in
           the tank rises above 35°C, visible and audible alarms shal! activate on the navigating bridge.
  15.5.2.6 Fixed oxygen monitors (or gas-sampling lines) shall be provided in void spaces adjacent
                                                                                                        to tanks
           to detect leakage of the cargo into these spaces. The     enhanceme   nt of flammabilit y by  oxygen
             enrichment shall be recognized. Remote readouts, continuous monitoring (if gas-sampling lines
           are used, intermittent sampling is satisfactory) and visible and audible alarms similar to those for
           the temperature sensors shall also be located on the navigating bridge. The visible and audible
           alarms shall activate if the oxygen concentration in these void spaces exceeds 30% by volume.
           Two portable oxygen monitors shall also be available as back-up systems.

15.5.2.7   As a safeguard against uncontrolled decomposition, a cargo-jettisoning system shall be installed to
           discharge the cargo overboard. The cargo shall be jettisoned if the temperature rise of the cargo
           exceeds a rate of 2°C per hour over a 5-hour period or when the temperature in the tank exceeds
           40°C.

15.5.2.8 Cargo tank venting systems with filtration shall have pressure/vacuum-relief valves for normal
           controlled venting, and a device for emergency venting, should tank pressure rise rapidly as a result
           of an uncontrolled decomposition rate, as stipulated in 15.5.2.7. These venting systems shall be
           designed in such a manner that there is no introduction of seawater into the cargo tank even under
           heavy sea conditions. Emergency venting shall be sized on the basis of tank design pressure and
           tank size.

15.5.2.9 A fixed water-spray system shall be provided for diluting and washing away any concentrated
           solution spilled on deck. The areas covered by the water-spray shall include the manifold/hose
           connections and the tank tops of those tanks designated for the carriage of hydrogen peroxide
           solutions. The minimum application rate shall satisfy the following criteria:
           1     The product shall be diluted from the original concentration to 35% by mass within 5 minutes
                 of the spill.
           .2   The rate and estimated size of the spill shall be based upon maximum anticipated loading
                and discharge rates, the time required to stop flow of the cargo in the event of tank overfill
                or a piping/hose failure, and the time necessary to begin application of dilution water with
                actuation at the cargo control location or on the navigating bridge.

15.5.2.10 Only those hydrogen peroxide solutions which have a maximum decomposition rate of 1% per
          year at 25°C shall be carried. Certification from the shipper that the product meets this standard
          shall be presented to the master and kept on board. A technical representative of the manufacturer
          shall be on board to monitor the transfer operations and have the capability to test the stability of
          the hydrogen peroxide. He shall certify to the master that the cargo has been loaded in a stable
          condition.

15.5.2.11 Protective clothing that is resistant to hydrogen peroxide shall be provided for each crew
           member involved in cargo transfer operations. Protective clothing shall include coveralls that are
           non-flammable, suitable gloves, boots and eye protection.

15.5.2.12 During transfer of hydrogen peroxide, the related piping system shall be separated from all other
           systems. Cargo hoses used for transfer of hydrogen peroxide shall be marked “FOR HYDROGEN
           PEROXIDE TRANSFER ONLY”.

15.5.3     Procedures for inspection, cleaning, passivation and loading of tanks for the carriage
           of hydrogen peroxide solutions 8-60%, which have contained other cargoes,
           or for the carriage of other cargoes after the carriage of hydrogen peroxide
15.5.3.1   Tanks having contained cargoes other than hydrogen peroxide shall be inspected, cleaned and
           passivated before re-use for the transport of hydrogen peroxide solutions. The procedures for
           inspection and cleaning, as given in 15.5.3.2 to 15.5.3.8 below, apply to both stainless steel and
           pure aluminium tanks (see 15.5.2.2). Procedures for passivation are given in 15.5.3.9 for stainless
           steel and 15.5.3.10 for aluminium. Unless otherwise specified, all steps apply to the tanks and to all
           associated equipment having been in contact with the other cargo.

                                                                                                                    a

15.5.3.2 After unloading the previous cargo, the tank shall be rendered safe and inspected for any residues,
           scale and rust.

15.5.3.3 Tanks and associated equipment shall be washed with clean filtered water. The water to be used
           shall at least have the quality of potable water with a low chlorine content.

15.5.3.4 Trace residues and vapours of the previous cargo shall be removed by steaming of tank and
         equipment.

15.5.3.5 Tank and equipment are washed again with clean water (quality as above) and dried, using filtered,
           oil-free air.

15.5.3.6 The atmosphere in the tank shall be sampled and investigated for the presence of organic vapours
           and oxygen concentration.

15.5.3.7 The tank shall be checked again by visual inspection for residues of the previous cargo, scale and
           rust as well as for any smell of the previous cargo.

15.5.3.8   If inspection or measurements indicate the presence of residues of the previous cargo or its vapours,
           actions described in 15.5.3.3 to 15.5.3.5 shall be repeated.

15.5.3.9   Tank and equipment made from stainless steel which have contained other cargoes than hydrogen
           peroxide or which have been under repair shall be cleaned and passivated, regardless of any
           previous passivation, according to the following procedure:
           1      New welds and other repaired parts shall be cleaned and finished using stainless steel wire
                  brush, chisel, sandpaper or buff. Rough surfaces shall be given a smooth finish. A final polishing
                  is necessary.

           .2     Fatty and oily residues shall be removed by the use of appropriate organic solvents or detergent
                  solutions in water. The use of chlorine-containing compounds shall be avoided as they can
                  seriously interfere with passivation.
           .3.    The residues of the degreasing agent shall be removed, followed by a washing with water.
           .4     In the next step, scale and rust shall be removed by the application of acid (e.g. a mixture of
                  nitric and hydrofluoric acids), followed again by a washing with clean water.
           5      All the metal surfaces which can come into contact with hydrogen peroxide shall be passivated
                  by the application of nitric acid of a concentration between 10% and 35% by mass. The
                  nitric acid must be free from heavy metals, other oxidizing agents or hydrogen fluoride. The
                  passivation process shall continue for 8 to 24 h, depending upon the concentration of acid,
                  the ambient temperature and other factors. During this time a continuous contact between the
                  surfaces to be passivated and the nitric acid shall be ensured. In the case of large surfaces this
                  may be achieved by recirculating the acid. Hydrogen gas may be evolved in the passivation
                  process, leading to the presence of an explosive atmosphere in the tanks. Therefore, appropriate
                  measures must be taken to avoid the build-up or the ignition of such an atmosphere.
           .6     After passivation, the surfaces shall be thoroughly washed with clean filtered water. The
                  washing process shall be repeated until the effluent water has the same pH value as the
                  incoming water.

           .7     Surfaces treated according to the above steps may cause some decomposition when coming
                  into contact with hydrogen peroxide for the first time. This decomposition will cease after a
                  short time (usually within two or three days). Therefore an additional flushing with hydrogen
                  peroxide for a period of at least two days is recommended.
           .8     Only degreasing agents and acid cleaning agents which have been recommended for this
                  purpose by the manufacturer of the hydrogen peroxide shall be used in the process.
15.5.3.10   Tanks and equipment made from aluminium and which have contained cargoes other than hydrogen
          peroxide, or which have been under repair, shall be cleaned and passivated. The following is an
          example of a recommended procedure:
           1     The tank shall be washed with a solution of a sulphonated detergent in hot water, followed by
                 a washing with water.
           2     The surface shall then be treated for 15 to 20 minutes with a solution of sodium hydroxide of
                 a concentration of 7% by mass or treated for a longer period with a less concentrated solution
                 (e.g. for 12 h with 0.4% to 0.5% sodium hydroxide). To prevent excessive corrosion at the
                 bottom of the tank when treating with more concentrated solutions of sodium hydroxide,
                 water shall be added continuously to dilute the sodium hydroxide solution which collects
                 there.
           3     The tank shall be thoroughly washed with clean, filtered water. As soon as possible after
                 washing, the surface shall be passivated by the application of nitric acid of a concentration
                 between 30% and 35% by mass. The passivation process shall continue for 16 to 24 h. During
                 this time a continuous contact between the surfaces to be passivated and the nitric acid shall
                 be ensured.
           4     After passivation the surfaces shall be thoroughly washed with clean, filtered water. The
                 washing process shall be repeated until the effluent water has the same pH value as the
                 incoming water.

           .5    A visual inspection shall be made to ensure ‘that all surfaces have been treated. It is
                 recommended that an additional flushing is carried out for a minimum of 24 h with dilute
                 hydrogen peroxide solution of a concentration approximately 3% by mass.

 15.5.3.11 The concentration and stability of the hydrogen peroxide solution to be loaded shall be determined.

"" 15.5.3.12 The hydrogen peroxide is loaded under intermittent visual supervision of the interior of the tank
            from an appropriate opening.

 15.5.3.13 If substantial bubbling is observed which does not disappear within 15 minutes after the completion
           of loading, the contents of the tank shall be unloaded and disposed of in an environmentally safe
           manner. The tank and equipment shall then be repassivated as described above.

 15.5.3.14 The concentration and stability of the hydrogen peroxide solution shall be determined again. If
           the same values are obtained within the limits of error as in 15.5.3.10, the tank is considered to be
           properly passivated and the cargo ready for shipment.

 15.5.3.15 Actions described in 15.5.3.2 to 15.5.3.8 shall be carried out under the supervision of the master or
           shipper. Actions described in 15.5.3.9 to 15.5.3.14 shall be carried out under the on-site supervision
           and responsibility of a representative of the hydrogen peroxide manufacturer or under supervision
           and responsibility of another person familiar with the safety-relevant properties of hydrogen
           peroxide.

 15.5.3.16 The following procedure shall be applied when tanks having contained hydrogen peroxide solution
           are to be used for other products (unless otherwise specified, all steps apply to the tanks and to all
           associated equipment having been in contact with hydrogen peroxide):
            1.    Hydrogen peroxide cargo residue shall be drained as completely as possible from tanks and
                 equipment.

            2    Tanks and equipment shall be rinsed with clean water, and subsequently thoroughly washed
                 with clean water.
            3.   The interior of the tank shall be dried and inspected for any residues.

         Steps .1 to .3, in 15.5.3.16, shall be carried out under the supervision of the master or the shipper.
         Step .3 in 15.5.3.16 shall be carried out by a person familiar with the safety-relevant properties of
         the chemical to be transported and of hydrogen peroxide.
         SPECIAL CAUTIONS: 1         Hydrogen peroxide decomposition may enrich the atmosphere with
                                     oxygen and appropriate precautions shall be observed.
                                 2   Hydrogen gas may be evolved in the passivation processes described
                                     in 15.5.3.9.5, 15.5.3.10.2 and 15.5.3.10.4, leading to the presence of an
                                     explosive atmosphere in the tank. Therefore, appropriate measures must
                                     be taken to avoid the build-up or the ignition of such an atmosphere.",✓ Resolved
7,15.6,15,59,Motor fuel anti-knock compounds (containing lead alkyls),"15.6     Motor fuel anti-knock compounds (containing lead alkyls)
15.6.1   Tanks used for these cargoes shall not be used for the transportation of any other cargo except those
         commodities to be used in the manufacture of motor fuel anti-knock compounds containing lead
         alkyls.
15.6.2   If a cargo pump-room is located on deck level according to 15.18, the ventilation arrangements
         shall be in compliance with 15.17.
15.6.3   Entry into cargo tanks used for the transportation of these cargoes is not permitted unless approved
         by the Administration.
15.6.4   Air analysis shall be made for lead content to determine if the atmosphere is satisfactory prior to
         allowing personnel to enter the cargo pump-room or void spaces surrounding the cargo tank.",✓ Resolved
8,15.7,15,59,"Phosphorus, yellow or white","15.7     Phosphorus, yellow or white
15.7.1   Phosphorus shall, at all times, be loaded, carried and discharged under a water pad of 760 mm
         minimum depth. During discharge operations, arrangements shall be made to ensure that water
         occupies the volume of phosphorus discharged. Any water discharged from a phosphorus tank shall
         be returned only to a shore installation.
15.7.2   Tanks shall be designed and tested to a minimum equivalent water head of 2.4 m above the top
         of the tank, under designed loading conditions, taking into account the depth, relative density and
         method of loading and discharge of the phosphorus.
15.7.3   Tanks shall be so designed as to minimize the interfacial area between the liquid phosphorus and
         its water pad.
15.7.4   A minimum ullage space of 1% shall be maintained above the water pad. The ullage space shall be
         filled with inert gas or naturally ventilated by two cowled standpipes terminating at different heights
         but at least 6 m above the deck and at least 2 m above the pump-house top.
15.7.5   All openings shall be at the top of cargo tanks, and fittings and joints attached thereto shall be of
         materials resistant to phosphorus pentoxide.
15.7.6   Phosphorus shall be loaded at a temperature not exceeding 60°C.
15.7.7   Tank heating arrangements shall be external to tanks and have a suitable method of temperature
         control to ensure that the temperature of the phosphorus does not exceed 60°C. A high-temperature
         alarm shall be fitted.

15.7.8   A water drench system acceptable to the Administration shall be installed in all void spaces
          surrounding the tanks. The system shall operate automatically in the event of an escape of
         ‘phosphorus.
15.7.9   Void spaces referred to in 15.7.8 shall be provided with effective means of mechanical ventilation
         which shall be capable of being sealed off quickly in an emergency.
  15.7.10    Loading and discharge of phosphorus shall be governed by a central system on the ship which, in
            addition to incorporating high-level alarms, shall ensure that no overflow of tanks is possible and
            that such operations can be stopped quickly in an emergency from either ship or shore.
 15.7.11    During cargo transfer, a water hose on deck shall be connected to a water supply and kept flowing
            throughout the operation so that any spillage of phosphorus may be washed down with water
            immediately.
 15.7.12    Ship-to-shore loading and discharge connections shall be of a type approved by the Administration.

           * Propylene oxide or ethylene oxide/propylene oxide mixtures with an ethylene
             oxide content of not more than 30% by mass _.         .     oe",✓ Resolved
9,15.8,15,60,Propylene oxide or ethylene oxide/propylene oxide mixtures with an ethylene oxide content of not more than 30% by mass,"15.8    Propylene oxide or ethylene oxide/propylene oxide mixtures with an ethylene oxide content of not more than 30% by mass
15.8.1       Products transported under the provisions of this section shall be acetylene-free.
 15.8.2      Unless cargo tanks are properly cleaned, these products shall not be carried in tanks which have
             contained as one of the three previous cargoes any products known to catalyse polymerization,
             such as:                                 .
                  mineral acids (e.g. sulphuric, hydrochloric, nitric);             2    carboxylic acids and anhydrides (e.g. formic, acetic);
             3    halogenated carboxylic acids (e.g. chloracetic);
             4    sulphonic acids (e.g. benzenesulphonic);
             5    caustic alkalis (e.g. sodium hydroxide, potassium hydroxide);
             6    ammonia and ammonia solutions;
             7    amines and amine solutions; and
              8   oxidizing substances.
 15.8.3""     Before loading, tanks shall be thoroughly and effectively cleaned, to remove all traces of previous
             cargoes from tanks and associated pipework, except where the immediately prior cargo has been
             propylene oxide or ethylene oxide/propylene oxide mixtures. Particular care shall be taken in the
             case of ammonia in tanks made of steel other than stainless steel.
  15.8.4     In all cases, the effectiveness of cleaning procedures for tanks and associated pipework shall be
             checked by suitable testing or inspection, to ascertain that no traces of acidic or alkaline materials
             remain that might create a hazardous situation in the presence of these products.
  15.8.5     Tanks shall be entered and inspected prior to each initial loading of these products to ensure
             freedom from contamination, heavy rust deposits and visible structural defects. When cargo tanks
             are in continuous service for these products, such inspections shall be performed at intervals of not
             more than two years.
  15.8.6     Tanks for the carriage of these products shall be of steel or stainless steel construction.
  15.8.7     Tanks for the carriage of these products may be used for other cargoes after thorough cleaning of
             tanks and associated pipework systems by washing or purging.
  15.8.8     All valves, flanges, fittings and accessory equipment shall be of a type suitable for use with
             the products and shall be constructed of steel or stainless steel in accordance with recognized
             standards. Discs or disc faces, seats and other wearing parts of valves shall be made of stainless steel
             containing not less than 11% chromium.
  15.8.9      Gaskets shall be constructed of materials which do not react with, dissolve in, or lower the
              auto-ignition temperature of these products and which are fire-resistant and possess adequate
              mechanical behaviour. The surface presented to the cargo shall be polytetrafluoroethylene (PTFE),
              or materials giving a similar degree of safety by their inertness. Spirally wound stainless steel, with
              a filler of PTFE or similar fluorinated polymer, may be accepted.


15.8.10        Insulation and packing, if used, shall be of a material which does not react with, dissolve in, or
               lower the auto-ignition temperature of these products.
15.8.11       The following materials are generally found unsatisfactory for gaskets, packing and similar uses in
              containment systems for these products and would require testing before being approved by the
              Administration:
               -1     neoprene or natural rubber, if it comes into contact with the products;
               .2     asbestos, or binders used with asbestos;
               .3     materials containing oxides of magnesium, such as mineral wools.

15.8.12        Threaded joints shall not be permitted in the cargo liquid and vapour lines.
15.8.13        Filling and discharge piping shall extend to within 100 mm of the bottom of the tank or any sump
               pit.

15.8.14.1 The containment system for a tank containing these products shall have a valved vapour-return
          connection.

15.8.14.2 The products shall be loaded and dischargedin such a manner that venting of the tanks to atmosphere
               does not occur. If vapour return to shore is used during tank loading, the vapour-return system
               connected to a containment system for the product shall be independent of all other containment
              ' systems.

15.8.14.3 During discharge operations, the pressure in the cargo tank must be maintained above 0.007 MPa
               gauge.
15.8.15        The cargo may be discharged only by deepwell pumps, hydraulically operated submerged pumps,
               or inert gas displacement. Each cargo pump shall be arranged to ensure that the product does not
               heat significantly if the discharge line from the pump is shut off or otherwise blocked.
15.8.16        Tanks carrying these products shall be vented independently of tanks carrying other products.
               Facilities shall be provided for sampling the tank contents without opening the tank to atmosphere.
15.8.17        Cargo hoses used for transfer of these products shall be marked “FOR ALKYLENE OXIDE TRANSFER
               ONLY”.

15.83.18       Cargo tanks, void spaces and other enclosed spaces adjacent to an integral gravity cargo tank
               carrying propylene oxide shall either contain a compatible cargo (those cargoes specified in 15.8.2
               are examples of substances considered incompatible) or be inerted by injection of a suitable inert
               gas. Any hold space in which an independent cargo tank is located shall be inerted. Such inerted
               spaces and tanks shall be monitored for these products and oxygen. The oxygen content of these
               spaces shall be maintained below 2%. Portable sampling equipment is satisfactory.
15.8.19 In‘no case shall air be allowed to enter the cargo pump or piping system while these products are
               contained within the system.
15.8.20        Prior to disconnecting shore lines, the pressure in liquid and vapour lines shall be relieved through
               suitable valves installed at the loading header. Liquid and vapour from these lines shall not be
               discharged to atmosphere.
15.8.21         Propylene oxide may be carried in pressure tanks or in independent or integral gravity tanks.
                Ethylene oxide/propylene oxide mixtures shall be carried in independent gravity tanks or pressure
               tanks. Tanks shall be designed for the maximum pressure expected to be encountered during
               loading, conveying and discharging cargo.
15.8.22.1 Tanks for the carriage of propylene oxide with a design pressure less than 0.06 MPa gauge and
               tanks for the carriage of ethylene oxide/propylene oxide mixtures with a design pressure of less than
               0.12 MPa gauge shall havea cooling system to maintain the cargo below the reference temperature.    
15.8.22.2 The refrigeration requirement for tanks with a design pressure less than 0.06 MPa gauge may be
          waived by the Administration for ships operating in restricted areas or on voyages of restricted
          duration, and account may be taken in such cases of any insulation of the tanks. The area and times
          of year for which such carriage would be permitted shall be included in the conditions of carriage
          of the International Certificate of Fitness for the Carriage of Dangerous Chemicals in Bulk.
15.8.23.1 Any cooling system shall maintain the liquid temperature below the boiling temperature at the
          containment pressure. At least two complete cooling plants, automatically regulated by variations
          within the tanks, shall be provided. Each cooling plant shall be complete with the necessary
          auxiliaries for proper operation. The control system shall also be capable of being manually
          operated. An alarm shall be provided to indicate malfunctioning of the temperature controls. The
          capacity of each cooling system shall be sufficient to maintain the temperature of the liquid cargo
          below the reference temperature of the system.
15.8.23.2 An alternative arrangement may consist of three cooling plants, any two of which shall be sufficient
          to maintain the liquid temperature below the reference temperature.
15.8.23.3 Cooling media which are separated from the products by a single wall only shall be non-reactive
          with the products.
15.8.23.4 Cooling systems requiring compression of the products shall not be used.
15.8.24   Pressure-relief valve settings shall not be less than 0.02 MPa gauge and for pressure tanks not
          greater than 0.7 MPa gauge for the carriage of propylene oxide and not greater than 0.53 MPa gauge
          for the carriage of propylene oxide/ethylene oxide mixtures.
15.8.25.1 The piping system for tanks to be loaded with these products shall be separated (as defined in 3.1.4)
           from piping systems for all other tanks, including empty tanks. If the piping system for the tanks to be
          ‘loaded is not independent (as defined in 1.3.19), the required piping separation shall be accomplished
           by the removal of spool pieces, valves, or other pipe section and the installation of blank flanges at
           these locations. The required separation applies to all liquid and vapour piping, liquid and vapour
           vent lines and any other possible connections, such as common inert gas supply lines.
15.8.25.2 These products may be transported only in accordance with cargo-handling plans that have
          been approved by the Administration. Each intended loading arrangement shall be shown on a
          separate cargo-handling plan. Cargo-handling plans shall show the entire cargo piping system
          and the locations for installation of blank flanges needed to meet the above piping separation
          requirements. A copy of each approved cargo-handling plan shall be maintained on board the ship.
          The International Certificate of Fitness for the Carriage of Dangerous Chemicals in Bulk shall be
          endorsed to include reference to the approved cargo-handling plans.
15.8.25.3 Before each initial loading of these products and before every subsequent return to such service,
          certification verifying that the required piping separation has been achieved shall be obtained from
          a responsible person acceptable to the port Administration and carried on board the ship. Each
          connection between a blank flange and a pipeline flange shall be fitted with a wire and seal by the
          responsible person to ensure that inadvertent removal of the blank flange is impossible.
15.8.26.1 No cargo tanks shall be more than 98% liquid-full at the reference temperature.
15.8.26.2 The maximum volume to which a cargo tank shall be loaded is:
                 Vy, = 0.98V
                           5°
           where:
                 V, = maximum volume to which the tank may be loaded
                 Y = volume of the tank
                Pr = density of cargo at the reference temperature
                p, = density of cargo at the loading temperature and pressure                                                                                    

15.8.26.3 The maximum allowable tank filling limits for each cargo tank shall be indicated for each loading
          temperature which may be applied and for the applicable maximum reference temperature, on a
          list to be approved by the Administration. A copy of the list shall be permanently kept on board by
          the master.
15.8.27    The cargo shall be carried under a suitable protective padding of nitrogen gas. An automatic nitrogen
           make-up system shall be installed to prevent the tank pressure falling below 0.007 MPa gauge in the
           event of product temperature fall due to ambient conditions or maloperation of refrigeration systems.
           Sufficient nitrogen shall be available on board to satisfy the demand of the automatic pressure
           control. Nitrogen of commercially pure quality (99.9% by volume) shall be used for padding. A
           battery of nitrogen bottles connected to the cargo tanks through a pressure-reduction valve satisfies
           the intention of the expression “automatic” in this context.

15.8.28    The cargo tank vapour space shall be tested prior to and after loading to ensure that the oxygen
           content is 2% by volume or less.

15.8.29    A water-spray system of sufficient capacity shall be provided to blanket effectively the area
           surrounding the loading manifold, the exposed deck piping associated with product handling,
           and the tank domes. The arrangement of piping and nozzles shall be such as to give a uniform
           distribution rate of 10 L/m?/min. Remote manual operation shall be arranged such that remote
           starting of pumps supplying the water-spray system and remote operation of any normally closed
           valves in the system can be carried out from a suitable location outside the cargo area, adjacent
           to the accommodation spaces and readily accessible and operable in the event of fire in the areas
           protected. The water-spray system shall be capable of both local and remote manual operation,
           and the arrangement shall ensure that any spilled cargo is washed away. Additionally, a water hose
           with pressure to the nozzle, when atmospheric temperatures permit, shall be connected ready for
           immediate use during loading and unloading operations.

15.8.30    A remotely operated, controlled closing rate, shutoff valve shall be provided at each cargo-hose
           connection used during cargo transfer.",✓ Resolved
10,15.8.1 to 15.8.7,15,60,Sections 15.8.1 through 15.8.7,"15.8.1       Products transported under the provisions of this section shall be acetylene-free.
 15.8.2      Unless cargo tanks are properly cleaned, these products shall not be carried in tanks which have
             contained as one of the three previous cargoes any products known to catalyse polymerization,
             such as:                                 .
                  mineral acids (e.g. sulphuric, hydrochloric, nitric);
            —
            e

             2    carboxylic acids and anhydrides (e.g. formic, acetic);
             3    halogenated carboxylic acids (e.g. chloracetic);
             4    sulphonic acids (e.g. benzenesulphonic);
             5    caustic alkalis (e.g. sodium hydroxide, potassium hydroxide);
             6    ammonia and ammonia solutions;
             7    amines and amine solutions; and
              8   oxidizing substances.
 15.8.3""     Before loading, tanks shall be thoroughly and effectively cleaned, to remove all traces of previous
             cargoes from tanks and associated pipework, except where the immediately prior cargo has been
             propylene oxide or ethylene oxide/propylene oxide mixtures. Particular care shall be taken in the
             case of ammonia in tanks made of steel other than stainless steel.
  15.8.4     In all cases, the effectiveness of cleaning procedures for tanks and associated pipework shall be
             checked by suitable testing or inspection, to ascertain that no traces of acidic or alkaline materials
             remain that might create a hazardous situation in the presence of these products.
  15.8.5     Tanks shall be entered and inspected prior to each initial loading of these products to ensure
             freedom from contamination, heavy rust deposits and visible structural defects. When cargo tanks
             are in continuous service for these products, such inspections shall be performed at intervals of not
             more than two years.
  15.8.6     Tanks for the carriage of these products shall be of steel or stainless steel construction.
  15.8.7     Tanks for the carriage of these products may be used for other cargoes after thorough cleaning of
             tanks and associated pipework systems by washing or purging.",✓ Resolved
11,15.8.12,15,61,,15.8.12        Threaded joints shall not be permitted in the cargo liquid and vapour lines.,✓ Resolved
12,15.8.13,15,61,,"15.8.13        Filling and discharge piping shall extend to within 100 mm of the bottom of the tank or any sump
               pit.",✓ Resolved
13,15.8.16,15,61,,"15.8.16        Tanks carrying these products shall be vented independently of tanks carrying other products.
               Facilities shall be provided for sampling the tank contents without opening the tank to atmosphere.",✓ Resolved
14,15.8.17,15,61,,"15.8.17        Cargo hoses used for transfer of these products shall be marked “FOR ALKYLENE OXIDE TRANSFER
               ONLY”.",✓ Resolved
15,15.8.18,15,61,,"15.8.18       Cargo tanks, void spaces and other enclosed spaces adjacent to an integral gravity cargo tank
               carrying propylene oxide shall either contain a compatible cargo (those cargoes specified in 15.8.2
               are examples of substances considered incompatible) or be inerted by injection of a suitable inert
               gas. Any hold space in which an independent cargo tank is located shall be inerted. Such inerted
               spaces and tanks shall be monitored for these products and oxygen. The oxygen content of these
               spaces shall be maintained below 2%. Portable sampling equipment is satisfactory.",✓ Resolved
16,15.8.19,15,61,,"15.8.19 In‘no case shall air be allowed to enter the cargo pump or piping system while these products are
               contained within the system.",✓ Resolved
17,15.8.21,15,61,,"15.8.21         Propylene oxide may be carried in pressure tanks or in independent or integral gravity tanks.
                Ethylene oxide/propylene oxide mixtures shall be carried in independent gravity tanks or pressure
               tanks. Tanks shall be designed for the maximum pressure expected to be encountered during
               loading, conveying and discharging cargo.",✓ Resolved
18,15.8.25,15,62,,"15.8.25.1 The piping system for tanks to be loaded with these products shall be separated (as defined in 3.1.4)
           from piping systems for all other tanks, including empty tanks. If the piping system for the tanks to be
          ‘loaded is not independent (as defined in 1.3.19), the required piping separation shall be accomplished
           by the removal of spool pieces, valves, or other pipe section and the installation of blank flanges at
           these locations. The required separation applies to all liquid and vapour piping, liquid and vapour
           vent lines and any other possible connections, such as common inert gas supply lines.
15.8.25.2 These products may be transported only in accordance with cargo-handling plans that have
          been approved by the Administration. Each intended loading arrangement shall be shown on a
          separate cargo-handling plan. Cargo-handling plans shall show the entire cargo piping system
          and the locations for installation of blank flanges needed to meet the above piping separation
          requirements. A copy of each approved cargo-handling plan shall be maintained on board the ship.
          The International Certificate of Fitness for the Carriage of Dangerous Chemicals in Bulk shall be
          endorsed to include reference to the approved cargo-handling plans.
15.8.25.3 Before each initial loading of these products and before every subsequent return to such service,
          certification verifying that the required piping separation has been achieved shall be obtained from
          a responsible person acceptable to the port Administration and carried on board the ship. Each
          connection between a blank flange and a pipeline flange shall be fitted with a wire and seal by the
          responsible person to ensure that inadvertent removal of the blank flange is impossible.",✓ Resolved
19,15.8.27,15,63,,"15.8.27    The cargo shall be carried under a suitable protective padding of nitrogen gas. An automatic nitrogen
           make-up system shall be installed to prevent the tank pressure falling below 0.007 MPa gauge in the
           event of product temperature fall due to ambient conditions or maloperation of refrigeration systems.
           Sufficient nitrogen shall be available on board to satisfy the demand of the automatic pressure
           control. Nitrogen of commercially pure quality (99.9% by volume) shall be used for padding. A
           battery of nitrogen bottles connected to the cargo tanks through a pressure-reduction valve satisfies
           the intention of the expression “automatic” in this context.",✓ Resolved
20,15.8.29,15,63,,"15.8.29    A water-spray system of sufficient capacity shall be provided to blanket effectively the area
           surrounding the loading manifold, the exposed deck piping associated with product handling,
           and the tank domes. The arrangement of piping and nozzles shall be such as to give a uniform
           distribution rate of 10 L/m?/min. Remote manual operation shall be arranged such that remote
           starting of pumps supplying the water-spray system and remote operation of any normally closed
           valves in the system can be carried out from a suitable location outside the cargo area, adjacent
           to the accommodation spaces and readily accessible and operable in the event of fire in the areas
           protected. The water-spray system shall be capable of both local and remote manual operation,
           and the arrangement shall ensure that any spilled cargo is washed away. Additionally, a water hose
           with pressure to the nozzle, when atmospheric temperatures permit, shall be connected ready for
           immediate use during loading and unloading operations.",✓ Resolved
21,15.9,15,63,Sodium chlorate solution (50% or less by mass),"15.9       Sodium chlorate solution (50% or less by mass)
15.9.1     Tanks and associated equipment which have contained this product may be used for other cargoes
           after thorough cleaning by washing or purging.

15.9.2     In the event of spillage of this product, all spilled liquid shall be thoroughly washed away without
           delay. To minimize fire risk, spillage shall not be allowed to dry out.",✓ Resolved
22,15.10,15,63,Sulphur (molten),"15.10      Sulphur (molten)
15.10.1    Cargo tank ventilation shall be provided to maintain the concentration of hydrogen sulphide below
           one half of its lower explosive limit throughout the cargo tank vapour space for all conditions of
           carriage (i.e. below 1.85% by volume).

 15.10.2    Where mechanical ventilation systems are used for maintaining low gas concentrations in. cargo
            tanks, an alarm system shall be provided to give warning if the system fails.
 15.10.3    Ventilation systems shall be so designed and arranged as to preclude depositing of sulphur within
            the system.
 15.10.4    Openings to void spaces adjacent to cargo tanks shall be so designed and fitted as to prevent the
            entry of water, sulphur or cargo vapour.

 15.10.5    Connections shal! be provided to permit sampling and analysing of vapour in void spaces.
 15.10.6    Cargo temperature controls shall be provided to ensure that the temperature of the sulphur does not
            exceed 155°C.

15.10.7    Sulphur (molten) has a flashpoint above 60°C; however, electrical equipment shall be certified safe
           for gases evolved.",✓ Resolved
23,15.11,15,64,Acids,"15.11      Acids
15.11.1    The ship’s shell plating shall not form any boundaries of tanks containing mineral acids.
15.11.2    Proposals for lining steel tanks and related piping systems with corrosion-resistant materials may
           be considered by the Administration. The elasticity of the lining shall not be less than that of the
           supporting boundary plating.
15.11.3.   Unless constructed wholly of corrosion-resistant materials or fitted with an approved lining, the
           plating thickness shall take into account the corrosivity of the cargo.
15.11.4    Flanges of the loading and discharge manifold connections shall be provided with shields, which
           may be portable, to guard against the danger of the cargo being sprayed; and in addition, drip trays
           shall also be provided to guard against leakage onto the deck.
15.11.5    Because of the danger of evolution of hydrogen when these substances are being carried, the
           electrical arrangements shall comply with 10.1.4. The certified safe type equipment shall be suitable
           for use in hydrogen/air mixtures. Other sources of ignition shall not be permitted in such spaces.
15.11.6    Substances subjected to the requirements of this section shall be segregated from oil fuel tanks, in
           addition to the segregation requirements in 3.1.1.
15.11.7    Provision shall be made for suitable apparatus to detect leakage of cargo into adjacent spaces.
15.11.8 |The cargo pump-room bilge pumping and drainage arrangements shall be of corrosion-resistant
         materials.",✓ Resolved
24,15.11.1,15,64,,15.11.1    The ship’s shell plating shall not form any boundaries of tanks containing mineral acids.,✓ Resolved
25,15.11.2,15,64,,"15.11.2    Proposals for lining steel tanks and related piping systems with corrosion-resistant materials may
           be considered by the Administration. The elasticity of the lining shall not be less than that of the
           supporting boundary plating.",✓ Resolved
26,15.11.2 to 15.11.8,15,64,Sections 15.11.2 through 15.11.8,"15.11.2    Proposals for lining steel tanks and related piping systems with corrosion-resistant materials may
           be considered by the Administration. The elasticity of the lining shall not be less than that of the
           supporting boundary plating.
15.11.3    Unless constructed wholly of corrosion-resistant materials or fitted with an approved lining, the
           plating thickness shall take into account the corrosivity of the cargo.
15.11.4    Flanges of the loading and discharge manifold connections shall be provided with shields, which
           may be portable, to guard against the danger of the cargo being sprayed; and in addition, drip trays
           shall also be provided to guard against leakage onto the deck.
15.11.5    Because of the danger of evolution of hydrogen when these substances are being carried, the
           electrical arrangements shall comply with 10.1.4. The certified safe type equipment shall be suitable
           for use in hydrogen/air mixtures. Other sources of ignition shall not be permitted in such spaces.
15.11.6    Substances subjected to the requirements of this section shall be segregated from oil fuel tanks, in
           addition to the segregation requirements in 3.1.1.
15.11.7    Provision shall be made for suitable apparatus to detect leakage of cargo into adjacent spaces.
15.11.8    The cargo pump-room bilge pumping and drainage arrangements shall be of corrosion-resistant
         materials.",✓ Resolved
27,15.11.3,15,64,,"15.11.3    Unless constructed wholly of corrosion-resistant materials or fitted with an approved lining, the
           plating thickness shall take into account the corrosivity of the cargo.",✓ Resolved
28,15.11.4,15,64,,"15.11.4    Flanges of the loading and discharge manifold connections shall be provided with shields, which
           may be portable, to guard against the danger of the cargo being sprayed; and in addition, drip trays
           shall also be provided to guard against leakage onto the deck.",✓ Resolved
29,15.11.5,15,64,,"15.11.5    Because of the danger of evolution of hydrogen when these substances are being carried, the
           electrical arrangements shall comply with 10.1.4. The certified safe type equipment shall be suitable
           for use in hydrogen/air mixtures. Other sources of ignition shall not be permitted in such spaces.",✓ Resolved
30,15.11.6,15,64,,"15.11.6    Substances subjected to the requirements of this section shall be segregated from oil fuel tanks, in
           addition to the segregation requirements in 3.1.1.",✓ Resolved
31,15.11.7,15,64,,15.11.7    Provision shall be made for suitable apparatus to detect leakage of cargo into adjacent spaces.,✓ Resolved
32,15.11.8,15,64,,"15.11.8    The cargo pump-room bilge pumping and drainage arrangements shall be of corrosion-resistant
         materials.",✓ Resolved
33,15.12,15,64,Toxic products,"15.12      Toxic products
15.12.1    Exhaust openings of tank vent systems shall be located:
           1     ata height of B/3 or 6 m, whichever is greater, above the weather deck or, in the case of a
                 deck tank, the access gangway;
           .2    not less than 6 m above the fore-and-aft gangway, if fitted within 6 m of the gangway;
           3     15 m from any opening or air intake to any accommodation and service spaces; and
           4     the vent height may be reduced to 3 m above the deck or fore-and-aft gangway, as applicable,
                 provided high-velocity vent valves of an approved type, directing the vapour/air mixture
                 upwards in an unimpeded jet with an exit velocity of at least 30 m/s, are fitted.
15.12.2    Tank venting systems shall be provided with a connection for a vapour-return line to the shore
           installation.

15.12.3    Products shall:
           -1    not be stowed adjacent to oil fuel tanks;
           2     have separate piping systems; and
           3     have tank vent systems separate from tanks containing non-toxic products.
15.12.4    Cargo tank relief-valve settings shall be a minimum of 0.02 MPa gauge.",✓ Resolved
34,15.12.1,15,64,,"15.12.1    Exhaust openings of tank vent systems shall be located:
           1     at a height of B/3 or 6 m, whichever is greater, above the weather deck or, in the case of a
                 deck tank, the access gangway;
           .2    not less than 6 m above the fore-and-aft gangway, if fitted within 6 m of the gangway;
           3     15 m from any opening or air intake to any accommodation and service spaces; and
           4     the vent height may be reduced to 3 m above the deck or fore-and-aft gangway, as applicable,
                 provided high-velocity vent valves of an approved type, directing the vapour/air mixture
                 upwards in an unimpeded jet with an exit velocity of at least 30 m/s, are fitted.",✓ Resolved
35,15.12.2,15,64,,"15.12.2    Tank venting systems shall be provided with a connection for a vapour-return line to the shore
           installation.",✓ Resolved
36,15.12.3,15,64,,"15.12.3    Products shall:
           -1    not be stowed adjacent to oil fuel tanks;
           2     have separate piping systems; and
           3     have tank vent systems separate from tanks containing non-toxic products.",✓ Resolved
37,15.12.3.2,15,64,Item .2 within section 15.12.3,15.12.3.2  have separate piping systems,✓ Resolved
38,15.12.4,15,64,,15.12.4    Cargo tank relief-valve settings shall be a minimum of 0.02 MPa gauge.,✓ Resolved
39,15.13,15,64,Cargoes protected by additives,"15.13      Cargoes protected by additives
15.13.1     Certain cargoes with a reference in column o in the table of chapter 17, by the nature of their
           chemical make-up, tend, under certain conditions of temperature, exposure to air or contact
with a catalyst, to undergo polymerization, decomposition, oxidation or other chemical changes.
            Mitigation of this tendency is carried out by introducing small amounts of chemical additives into
            the liquid cargo or controlling the cargo tank environment.
15.13.2     Ships carrying these cargoes shall be so designed as to eliminate from the cargo tanks and cargo-
            handling system any material of construction or contaminants which could act as a catalyst or
            destroy the inhibitor.
15.13.3     Care shall be taken to ensure that these cargoes are sufficiently protected to prevent deleterious
            chemical change at all times during the voyage. Ships carrying such cargoes shall be provided with
            a certificate of protection from the manufacturer, and kept during the voyage, specifying:
                     1.the name and amount of additive present;
                     2. whether the additive is oxygen-dependent;
                     3.date additive was put in the product and duration of effectiveness;
                     4.any temperature limitations qualifying the additive’s effective lifetime; and
                    .5 the action to be taken should the length of voyage exceed the effective lifetime of the additives.
15.13.4     Ships using the exclusion of air as the method of preventing oxidation of the cargo shall comply with
            9.1.3.

15.13.5     When a product containing an oxygen-dependent inhibitor is to be carried:
            1        ina ship for which inerting is required under SOLAS regulation II 2/4.5.5, as amended, the
                     application of inert gas shall not take place before loading or during the voyage, but shall be
                     applied before commencement of unloading;!
            .2       in aship to which SOLAS regulation II-2/4.5.5, as amended, does not apply, the product may
                     be carried without inertion (in tanks of a size not greater than 3,000 m»). If inertion is to be
                     applied on such a ship, then the application of inert gas shall not take place before loading or
                     during the voyage, but shall be applied before commencement of unloading.!
15.13.6     Venting systems shall be of a design that eliminates blockage from polymer build-up. Venting
            equipment shall be of a type that can be checked periodically for adequacy of operation.
15.13.7     Crystallization or solidification of cargoes normally carried in the molten state can lead to depletion
            of inhibitor in parts of the tank’s contents. Subsequent remelting can thus yield pockets of uninhibited
            liquid, with the accompanying risk of dangerous polymerization. To prevent this, care shall be
            taken to ensure that at no time are such cargoes allowed to crystallize or solidify, either wholly
            or partially, in any part of the tank. Any required heating arrangements shall be such as to ensure
            that in no part of the tank does cargo become overheated to such an extent that any dangerous
            polymerization can be initiated. If the temperature from steam coils would induce overheating, an
            indirect low-temperature heating system shall be used.",✓ Resolved
40,15.14,15,65,Cargoes with a vapour pressure greater than 0.1013 MPa absolute at 37.8°C,"15.14       Cargoes with a vapour pressure greater than 0.1013 MPa absolute at 37.8°C
15.14.1     For a cargo referenced in column o in the table of chapter 17 to this section, a mechanical refrigeration
            system shall be provided unless the cargo system is designed to withstand the vapour pressure of
            the cargo at 45°C. Where the cargo system is designed to withstand the vapour pressure of the
            cargo at 45°C, and no refrigeration system is provided, a notation shall be made in the conditions of

* Note that in accordance with MSC-MEPC.2/Circ.14, the Committees have agreed that paragraph 15.13.3.2 should be amended to
read “whether the additive is oxygen-dependent and if so, the minimum level of oxygen required in the vapour space of the tank for
the inhibitor to be effective must be specified”. It is intended that this amendment will be formally introduced for this paragraph by
the Committees when the IBC Code is next revised.
* Refer to the MSC-MEPC circular on Products requiring oxygen-dependant inhibitors (MSC-MEPC.2/Circ.14), See also MSC/Circ.879
and Corr.i for equivalency arrangements for the carriage of styrene monomer.
           carriage on the International Certificate of Fitness for the Carriage of Dangerous Chemicals in Bulk
          to indicate the required relief-valve setting for the tanks.
15.14.2   A mechanical refrigeration system shall maintain the liquid temperature below the boiling
          temperature at the cargo tank design pressure.
15.14.3   When ships operate in restricted areas and at restricted times of the year, or on voyages of limited
          duration, the Administration involved may agree to waive requirements for a refrigeration system. A
          notation of any such agreement, listing geographic area restrictions and times of the year, or voyage
          duration limitations, shall be included in the conditions of carriage on the International Certificate
          of Fitness for the Carriage of Dangerous Chemicals in Bulk.
15.14.4   Connections shall be provided for returning expelled gases to shore during loading.
15.14.5   Each tank shall be provided with a pressure gauge which indicates the pressure in the vapour space
          above the cargo.
15.14.6   Where the cargo needs to be cooled, thermometers shall be provided at the top and bottom of each
          tank.
15.14.7.1 No cargo tanks shail be more than 98% liquid-full at the reference temperature (R).
15.14.7.2 The maximum volume (V,) of cargo to be loaded in a tank shall be:
           VL=PL/0.98×VPR​
          where
                  V = volume of the tank
                  Pr = density of cargo at the reference temperature (R)
                  Pp, = density of cargo at the loading temperature
15.14.7.3 The maximum allowable tank filling limits for each cargo tank shall be indicated for each loading
          temperature which may be applied, and for the applicable maximum reference temperature, on a
          list approved by the Administration. A copy of the list shall be permanently kept on board by the
          master.",✓ Resolved
41,15.15,15,66,Hydrogen sulphide (H2S) detection equipment for bulk liquids,"15.15     Hydrogen sulphide (H2S) detection equipment for bulk liquids
          Hydrogen sulphide (H2S) detection equipment shall be provided on board ships carrying bulk
          liquids prone to HS formation. It should be noted that scavengers and biocides, when used, may
          not be 100% effective in controlling the formation of H,S. Toxic vapour detection instruments
          complying with the requirement in 13.2.1 of the Code for testing for H,S may be used to satisfy this
          requirement.",✓ Resolved
42,15.16,15,66,Cargo Contamination,"15.16.1 deleted                                                                                                                                                                                                                                                   15.16.2   Where column o in the table of chapter 17 refers to this section, water shall not be allowed to
          contaminate this cargo. In addition, the following provisions apply:
          1       Air inlets to pressure/vacuum-relief valves of tanks containing the cargo shall be situated at
                  least 2 m above the weather deck.
          .2.     Water or steam shall not be used as the heat-transfer media in a cargo temperature control
                  system required by chapter 7.
          3       The cargo shall not be carried in cargo tanks adjacent to permanent ballast or water tanks
                  unless the tanks are empty and dry..4—   The cargo shall not be carried in tanks adjacent to slop tanks or cargo tanks containing ballast
                or slops or other cargoes containing water which may react in a dangerous manner. Pumps,
                pipes or vent lines serving such tanks shall be separate from similar equipment serving tanks
                containing the cargo. Pipelines from slop tanks or ballast lines shall not pass through tanks
                containing the cargo unless encased in a tunnel.",✓ Resolved
43,15.17,15,67,Increased ventilation requirements,"15.17     Increased ventilation requirements
          For certain products, the ventilation system as described in 12.1.3 shall have a minimum capacity
          of at least 45 changes of air per hour, based upon the total volume of space. The ventilation system
          exhaust ducts shall discharge at least 10 m away from openings into accommodation spaces, work
          areas or other similar spaces, and intakes to ventilation systems, and at least 4 m above the tank
          deck.",✓ Resolved
44,15.18,15,67,Special cargo pump-room requirements,"15.18     Special cargo pump-room requirements
          For certain products, the cargo pump-room shall be located on the deck level or cargo pumps
          shall be located in the cargo tank. The Administration may give special consideration to cargo
          pump-rooms below deck.",✓ Resolved
45,15.19,15,67,Overflow control,"15.19     Overflow control

15.19.1   The provisions of this section are applicable where specific reference is made in column o in the
          table of chapter 17, and are in addition to the requirements for gauging devices.

15.19.2   In the event of a power failure on any system essential for safe loading, an alarm shall be given to
          the operators concerned.

15.19.3   Loading operations shall be terminated at once in the event of any system essential for safe loading
          becoming inoperative.

15.19.4   Level alarms shall be capable of being tested prior to loading.

15.19.5   The high-level alarm system required under 15.19.6 shall be independent of the overflow-control
          system required by 15.19.7 and shall be independent of the equipment required by 13.1.

15.19.6   Cargo tanks shall be fitted with a visual and audible high-level alarm which complies with 15.19.1
          to 15.19.5 and which indicates when the liquid level in the cargo tank approaches the normal full
          condition.
                                         *

15.19.7    A tank overflow-control system required by this section shall:

           1    come into operation when the normal tank loading procedures fail to stop the tank liquid level
                exceeding the normal full condition;

           .2   give a visual and audible tank-overflow alarm to the ship’s operator; and

           3    provide an agreed signal for sequential shutdown of onshore pumps or valves or both and
                of the ship’s valves. The signal, as well as the pump and valve shutdown, may be dependent
                on operator's intervention. The use of shipboard automatic closing valves shall be permitted
                only when specific approval has been obtained from the Administration and the port State
                authority concerned.

 15.19.8   The loading rate (LR) of the tank shall not exceed:
               LR = 3600u/t( m³/h)
          where
               U =ullage volume (m?) at operating signal level;
               t   = time(s) needed from the initiating signal to fully stopping the cargo flow into the tank,
                     being the sum of times needed for each step in sequential operations such as operator's
                     responses to signals, stopping pumps and closing valves;
          and shall also take into account the pipeline system design pressure.",✓ Resolved
46,15.19.6,15,67,,"15.19.6   Cargo tanks shall be fitted with a visual and audible high-level alarm which complies with 15.19.1
          to 15.19.5 and which indicates when the liquid level in the cargo tank approaches the normal full
          condition.
                                         *",✓ Resolved
47,15.20,15,68,"Alkyl (C3-C9) nitrates, all isomers","15.20     Alkyl (C3-C9) nitrates, all isomers
15.20.1   The carriage temperature of the cargo shall be maintained below 100°C to prevent the occurrence
          of a self-sustaining, exothermic decomposition reaction.
15.20.2   The cargo may not be carried in independent pressure vessels permanently affixed to the vessel’s
          deck unless:
          1    the tanks are sufficiently insulated from fire; and
          2     the vessel has a water deluge system for the tanks such that the cargo temperature is maintained
                below 100°C and the temperature rise in the tanks does not exceed 1.5°C per hour for a fire
                of 650°C.",✓ Resolved
48,15.21,15,68,Temperature sensors,"15.21     Temperature sensors
          ‘Temperature sensors shall be used to monitor the cargo pump temperature to detect overheating
           due to pump failures.",✓ Resolved
,16.1,16,69,Maximum allowable quantity of cargo per tank,"16.1.1
The quantity of a cargo required to be carried in a type 1 ship shall not exceed 1,250 m³ in any one tank.
16.1.2
The quantity of cargo required to be carried in a type 2 ship shall not exceed 3,000 m³ in any one tank.
16.1.3
Tanks carrying liquids at ambient temperatures shall be so loaded as to avoid the tank becoming liquid-full during the voyage, having due regard to the highest temperature which the cargo may reach.",
,16.2,16,69,Cargo Information,"16.2.1
A copy of this Code, or national regulations incorporating the provisions of this Code, shall be on board every ship covered by this Code.
16.2.2
Any cargo offered for bulk shipment shall be indicated in the shipping documents by the product name under which it is listed in chapter 17 or 18 of the Code or the latest edition of MEPC.2/Circ. or under which it has been provisionally assessed. Where the cargo is a mixture, an analysis indicating the dangerous components contributing significantly to the total hazard of the product shall be provided, or a complete analysis if this is available. Such an analysis shall be certified by the manufacturer or by an independent expert acceptable to the Administration.
16.2.3
Information shall be on board, and available to all concerned, giving the necessary data for the safe carriage of the cargo in bulk. Such information shall include a cargo stowage plan, to be kept in an accessible place, indicating all cargo on board, including, for each dangerous chemical carried:
.1 a full description of the physical and chemical properties, including reactivity, necessary for the safe containment of the cargo;
.2 action to be taken in the event of spills or leaks;
.3 countermeasures against accidental personal contact;
.4 fire-fighting procedures and fire-fighting media;
.5 procedures for cargo transfer, tank cleaning, gas-freeing and ballasting; and
.6 for those cargoes required to be stabilized or inhibited, the cargo shall be refused if the appropriate certificate required by these paragraphs is not supplied.
16.2.4
If sufficient information, necessary for the safe transportation of the cargo, is not available, the cargo shall be refused.
16.2.5
Cargoes which evolve highly toxic imperceptible vapours shall not be transported unless perceptible additives are introduced into the cargo.",
49,16.2.6,16,69,,"16.2.6      Where column o in the table of chapter 17 refers to this paragraph, the cargo’s viscosity at 20°C
            shall be specified on a shipping document, and if the cargo’s viscosity exceeds 50 mPa:s at 20°C,
            the temperature at which the cargo has a viscosity of 50 mPa:s shall be specified in the shipping
            document.",✓ Resolved
50,16.2.6 (only if >28%),16,69,,"16.2.6      Where column o in the table of chapter 17 refers to this paragraph, the cargo’s viscosity at 20°C
            shall be specified on a shipping document, and if the cargo’s viscosity exceeds 50 mPa:s at 20°C,
            the temperature at which the cargo has a viscosity of 50 mPa:s shall be specified in the shipping
            document.

[NOTE: The annotation '(only if >28%)' is a Chapter 17 column o conditional notation indicating this paragraph applies only when the cargo viscosity condition exceeds 28%. The text of 16.2.6 itself is as above; no separate sub-section exists in the 2020 edition.]",⚠ Ambiguous
51,16.2.7,16,70,,"16.2.7    Where column o in the table of chapter 17 refers to this paragraph, the cargo is subject to the
          prewash requirements in regulation 13.7.1.4 of Annex Il of MARPOL.",✓ Resolved
,16.2.8,16,70,,deleted,
52,16.2.9,16,70,,"16.2.9     Where column o in the table of chapter 17 refers to this paragraph, the cargo’s melting point shall
           be indicated in the shipping document.",✓ Resolved
53,16.2.9(e),16,70,Sub-notation of 16.2.9 — see note,"16.2.9     Where column o in the table of chapter 17 refers to this paragraph, the cargo’s melting point shall
           be indicated in the shipping document.

[NOTE: The suffix letters (e), (h), (l) are Chapter 17 column o sub-notations referencing specific sub-items from prior IBC Code editions. In the IBC Code 2020 edition, section 16.2.9 is a single consolidated paragraph as shown above — no lettered sub-paragraphs exist.]",⚠ Ambiguous
54,16.2.9(h),16,70,Sub-notation of 16.2.9 — see note,"16.2.9     Where column o in the table of chapter 17 refers to this paragraph, the cargo’s melting point shall
           be indicated in the shipping document.

[NOTE: The suffix letters (e), (h), (l) are Chapter 17 column o sub-notations referencing specific sub-items from prior IBC Code editions. In the IBC Code 2020 edition, section 16.2.9 is a single consolidated paragraph as shown above — no lettered sub-paragraphs exist.]",⚠ Ambiguous
55,16.2.9(l),16,70,Sub-notation of 16.2.9 — see note,"16.2.9     Where column o in the table of chapter 17 refers to this paragraph, the cargo’s melting point shall
           be indicated in the shipping document.

[NOTE: The suffix letters (e), (h), (l) are Chapter 17 column o sub-notations referencing specific sub-items from prior IBC Code editions. In the IBC Code 2020 edition, section 16.2.9 is a single consolidated paragraph as shown above — no lettered sub-paragraphs exist.]",⚠ Ambiguous
,16.3,16,70,Personal training,"16.3.1
All personnel shall be adequately trained in the use of protective equipment and have basic training in the procedures appropriate to their duties necessary under emergency conditions.
16.3.2
Personnel involved in cargo operations shall be adequately trained in handling procedures.
16.3.3
Officers shall be trained in emergency procedures to deal with conditions of leakage, spillage or fire involving the cargo and a sufficient number of them shall be instructed and trained in essential first aid for cargoes carried, based on the guidelines developed by the Organization.*",
,16.4,16,70,Opening and entry into cargo tanks,"16.4.1
During handling and carriage of cargoes producing flammable and/or toxic vapours or when ballasting after the discharge of such cargo, or when loading or unloading cargo, cargo tank lids shall always be kept closed. With any hazardous cargo, cargo tank lids, ullage and sighting ports and tank-washing access covers shall be open only when necessary.
16.4.2
Personnel shall not enter cargo tanks, void spaces around such tanks, cargo-handling spaces or other enclosed spaces unless:
.1 the compartment is free of toxic vapours and not deficient in oxygen; or
.2 personnel wear breathing apparatus and other necessary protective equipment, and the entire operation is under the close supervision of a responsible officer.
16.4.3
Personnel shall not enter such spaces when the only hazard is of a purely flammable nature, except under the close supervision of a responsible officer.",
,16.5,16,70,stowage of cargo samples,"16.5.1
Samples which have to be kept on board shall be stowed in a designated space situated in the cargo area or, exceptionally, elsewhere, subject to the approval of the Administration.
16.5.2
The stowage space shall be:
.1 cell-divided in order to avoid shifting of the bottles at sea;
.2 made of material fully resistant to the different liquids intended to be stowed; and
.3 equipped with adequate ventilation arrangements.
16.5.3
Samples which react with each other dangerously shall not be stowed close to each other.
16.5.4
Samples shall not be retained on board longer than necessary.",
56,16.6,16,70,Cargoes not to be exposed to excessive heat,"16.6.1      Where the possibility exists of a dangerous reaction of a cargo, such as polymerization, decomposition,
             thermal instability or evolution of gas, resulting from local overheating of the cargo in either the tank or associated pipelines, such cargo shall be loaded and carried adequately segregated from other
          products whose temperature is sufficiently high to initiate a reaction of such cargo (see 7.1.5.4).",✓ Resolved
57,16.6.2,16,71,,16.6.2    Heating coils in tanks carrying this product shall be blanked off or secured by equivalent means.,✓ Resolved
58,16.6.3,16,71,,16.6.3    Heat-sensitive products shall not be carried in deck tanks which are not insulated.,✓ Resolved
59,16.6.4,16,71,,"16.6.4    In order to avoid elevated temperatures, this cargo shall not be carried in deck tanks.",✓ Resolved
60,20.5.1,20,176,Documentation (transboundary movement of liquid chemical wastes),"20.5.1   In addition to the documentation specified in 16.2 of this Code, ships engaged in transboundary
          movement of liquid chemical wastes shall carry on board a waste movement document issued by
          the competent authority of the country of origin.",✓ Resolved
61,20.7,20,176,Carriage and handling of liquid chemical wastes,"20.7    Carriage and handling of liquid chemical wastes
20.7.1   Liquid chemical wastes shall be carried in ships and cargo tanks in accordance with the minimum
          requirements for liquid chemical wastes specified in chapter 17, unless there are clear grounds
          indicating that the hazards of the wastes would warrant:
           1    carriage in accordance with the ship type 1 requirements; or
           .2   any additional requirements of this Code applicable to the substance or, in the case of a
                mixture, its constituent presenting the predominant hazard.",✓ Resolved