Name,"Molecular
Mass
(G/Mole)
(1)","Atm. Boiling
Point
 (°C)
(1)","Critical
Temp.
(°C)
(1)","Critical
Pressure
(Kpa,Abs)
(1)","Liquid
Relative
Density
15°C/15°C
(1)","Vapour 
Relative
Density
(Air=1)
(1)","Flammable Range 
(%Vol. By Air)",,100% Odor Recognition (ppm),Tlv,
,,,,,,,"Min
(2)","Max
(2)",,ppm,(mg/m³)
Methane,16.043,-161.52,-82.6,4604,-0.3,0.5539,4.4,16,n.d.,-,-
Ethane,30.07,-88.58,32.28,4880,0.3581,1.0382,2.7,12.5,1500,-,-
Propane,44.097,-42.07,96.67,4249,0.5083,1.5225,1.7,9.5,11000,-,-
n-Butane,58.124,-0.49,152.01,3797,0.5847,2.0068,1.3,8.5,5000,800,1900
i-Butane,58.124,-11.81,134.98,3648,0.5637,2.0068,1.3,8.5,2,800,1900
Ethene,28.054,-103.77,9.2,5041,n.p.,0.9686,2.7,34,800,-,-
Propene,42.081,-47.72,91.7,4600,0.5231,1.4529,2,11.1,80,-,-
1-Butene,56.108,-6.23,146.38,4023,0.6019,1.9372,1.6,10,0.07,n.d.,n.d.
cis-2-Butene,56.108,3.72,162.43,4220,0.6277,1.9372,1.6,10,0.6,n.d.,n.d.
trans-2-Butene,56.108,0.88,155.48,4047,0.6105,1.9372,1.6,10,0.6,n.d.,n.d.
"1,3-Butadiene",54.092,-4.41,152,4330,0.628,1.8676,1.4,16.3,(0.1 - 2),2,4.4
"1,2-Butadiene",54.092,10.85,-171,-4502,0.6576,1.8676,-2,-12,,,
Isoprene,68.119,34.07,-211,-3850,0.6866,2.3519,1,9.7,,,
Vinylchloride (3),62.5,-13.4,156.6,5600,0.9,2.152,3.6,31,(1500 - 10000),5,13
Ammonia,17.031,-33.33,132.5,11280,0.6183,0.588,15,29,(0.001 - 90),25,17
,,,,,,,,,,,
,,,,,,,,,,,
Note  ( ) : estimated value,,,,,,,,,,,
"n.p. : not possible, temperature above critical temperature",,,,,,,,,,,
,,,,,,,,,,,
"(1) Ref. GPSA, SI Engineering Data Book, 1980, section 16, fig. 16-1.",,,,,,,,,,,
"(2) Ref. Chemiekaarten, Gegevens voor het veilig werken met chemicaliën, negende editie, 1993/1994.",,,,,,,,,,,
"(3) LGI, Liquid Gas Guide, 2nd edition, 1990.",,,,,,,,,,,
,,,,,,,,,,,
,,,,,,,,,,,
Note :  ( ) = estimated value,,,,,,,,,,,
n.d. = not determined- = non toxic,,,,,,,,,,,
,,,,,,,,,,,
Ref. 1. 1994- 1995 Threshold Limit Values for Chemical Substances and Physical Agents and Biological Exposure Indices; American Conference of governmental industrial hygienists.,,,,,,,,,,,
Handbook of environmental data on organic chemicals; K. Verschueren,,,,,,,,,,,