discharged_id,discharged_un,discharged_name,to_load_id,to_load_un,to_load_name,regime_code,,
1,UN1202,"AD10 - 10ppm Diesel fuel, ADO, AGO",1,UN1202,"AD10 - 10ppm Diesel fuel, ADO, AGO",1,,
1,UN1202,"AD10 - 10ppm Diesel fuel, ADO, AGO",2,UN 1202,"ULSD - 50ppm Diesel fuel, ADO, AGO",2,,
1,UN1202,"AD10 - 10ppm Diesel fuel, ADO, AGO",3,UN 1202,"Detergent Addivated, 10ppm Diesel fuel, V-Power Diesel",2,,
1,UN1202,"AD10 - 10ppm Diesel fuel, ADO, AGO",4,UN 1223 & 1202,"GTL Kero & Diesel, Synthetic Distillate",2,,
1,UN1202,"AD10 - 10ppm Diesel fuel, ADO, AGO",5,UN 1202,"Gas Oil 2000 ppm, Gasoil dyed, IGO, GOCI",2,,
1,UN1202,"AD10 - 10ppm Diesel fuel, ADO, AGO",6,UN 1202,"2000 ppm Gasoil undyed, IGO, GOCI",2,,
1,UN1202,"AD10 - 10ppm Diesel fuel, ADO, AGO",7,UN 1203,"10 ppm Gasoline,PU10, SU10, ULG",2,,
1,UN1202,"AD10 - 10ppm Diesel fuel, ADO, AGO",8,UN 1203,"50 ppm Gasoline, PU50, SU50, ULG",2,,
1,UN1202,"AD10 - 10ppm Diesel fuel, ADO, AGO",9,UN 1223,"Kerosene, Class C2 Burning Oil",2,,
1,UN1202,"AD10 - 10ppm Diesel fuel, ADO, AGO",10,UN 1223 & 1863,"Jet A1, AVTUR, Aviation Fuel",2,,
1,UN1202,"AD10 - 10ppm Diesel fuel, ADO, AGO",11,UN 1203,"AVGAS, 100LL, Aviation Fuel",4,,
1,UN1202,"AD10 - 10ppm Diesel fuel, ADO, AGO",12,UN 2398 & 1149,"MTBE & ETBE, Methyl & Ethyl Tertiary Butyl Ether",8,,
1,UN1202,"AD10 - 10ppm Diesel fuel, ADO, AGO",13,UN 1307,"Xylene, Xylenes-C8",8,,
1,UN1202,"AD10 - 10ppm Diesel fuel, ADO, AGO",14,UN 1294,Toluene,8,,
1,UN1202,"AD10 - 10ppm Diesel fuel, ADO, AGO",15,UN 3295,"Benzene Heart Cut, BHC, HCB",3,,
1,UN1202,"AD10 - 10ppm Diesel fuel, ADO, AGO",16,UN 1268,Natural Gas Condensate (crude feedstock),2,,
1,UN1202,"AD10 - 10ppm Diesel fuel, ADO, AGO",17,UN 3295,"PyGas, Pygas-tail, Pyrolysis Gasoline",2,,
1,UN1202,"AD10 - 10ppm Diesel fuel, ADO, AGO",18,UN 3295,"Cat Cracked Gasoline. LCCG, FRCCG",2,,
1,UN1202,"AD10 - 10ppm Diesel fuel, ADO, AGO",19,UN 3295,"Platformate, Reformate - Mogas or Chem",2,,
1,UN1202,"AD10 - 10ppm Diesel fuel, ADO, AGO",20,UN 1268,"Naphtha, Naphtha platfeed",3,,
1,UN1202,"AD10 - 10ppm Diesel fuel, ADO, AGO",21,UN 3295,"Isomerate, Gasoline component",2,,
1,UN1202,"AD10 - 10ppm Diesel fuel, ADO, AGO",22,UN 3295,"Alkylate, Gasoline component",2,,
1,UN1202,"AD10 - 10ppm Diesel fuel, ADO, AGO",23,No UN Number,"FAME, Fatty Acid Methyl Esters",2,,
1,UN1202,"AD10 - 10ppm Diesel fuel, ADO, AGO",24,UN 1170,"Ethanol, 100% EtOH, Ethyl Alcohol",8,,
1,UN1202,"AD10 - 10ppm Diesel fuel, ADO, AGO",25,UN 1202,"Cycle Oil, Gas Oil & Cutter Stock",2,,
1,UN1202,"AD10 - 10ppm Diesel fuel, ADO, AGO",26,No UN Number,"Vegetable Oils, MO, RO, PO, TO",21,,
1,UN1202,"AD10 - 10ppm Diesel fuel, ADO, AGO",27,UN 1202,Lube Base Oil ((not a finished Lubricant),21,,
1,UN1202,"AD10 - 10ppm Diesel fuel, ADO, AGO",28,Various,"Black Oil's inc: Crude Oil, Fuel Oil, Dirty Condensate, Waxy Dist',",21,,
2,UN 1202,"ULSD - 50ppm Diesel fuel, ADO, AGO",1,UN1202,"AD10 - 10ppm Diesel fuel, ADO, AGO",2,,
2,UN 1202,"ULSD - 50ppm Diesel fuel, ADO, AGO",2,UN 1202,"ULSD - 50ppm Diesel fuel, ADO, AGO",1,,
2,UN 1202,"ULSD - 50ppm Diesel fuel, ADO, AGO",3,UN 1202,"Detergent Addivated, 10ppm Diesel fuel, V-Power Diesel",2,,
2,UN 1202,"ULSD - 50ppm Diesel fuel, ADO, AGO",4,UN 1223 & 1202,"GTL Kero & Diesel, Synthetic Distillate",2,,
2,UN 1202,"ULSD - 50ppm Diesel fuel, ADO, AGO",5,UN 1202,"Gas Oil 2000 ppm, Gasoil dyed, IGO, GOCI",2,,
2,UN 1202,"ULSD - 50ppm Diesel fuel, ADO, AGO",6,UN 1202,"2000 ppm Gasoil undyed, IGO, GOCI",2,,
2,UN 1202,"ULSD - 50ppm Diesel fuel, ADO, AGO",7,UN 1203,"10 ppm Gasoline,PU10, SU10, ULG",2,,
2,UN 1202,"ULSD - 50ppm Diesel fuel, ADO, AGO",8,UN 1203,"50 ppm Gasoline, PU50, SU50, ULG",2,,
2,UN 1202,"ULSD - 50ppm Diesel fuel, ADO, AGO",9,UN 1223,"Kerosene, Class C2 Burning Oil",2,,
2,UN 1202,"ULSD - 50ppm Diesel fuel, ADO, AGO",10,UN 1223 & 1863,"Jet A1, AVTUR, Aviation Fuel",2,,
2,UN 1202,"ULSD - 50ppm Diesel fuel, ADO, AGO",11,UN 1203,"AVGAS, 100LL, Aviation Fuel",4,,
2,UN 1202,"ULSD - 50ppm Diesel fuel, ADO, AGO",12,UN 2398 & 1149,"MTBE & ETBE, Methyl & Ethyl Tertiary Butyl Ether",8,,
2,UN 1202,"ULSD - 50ppm Diesel fuel, ADO, AGO",13,UN 1307,"Xylene, Xylenes-C8",8,,
2,UN 1202,"ULSD - 50ppm Diesel fuel, ADO, AGO",14,UN 1294,Toluene,8,,
2,UN 1202,"ULSD - 50ppm Diesel fuel, ADO, AGO",15,UN 3295,"Benzene Heart Cut, BHC, HCB",3,,
2,UN 1202,"ULSD - 50ppm Diesel fuel, ADO, AGO",16,UN 1268,Natural Gas Condensate (crude feedstock),2,,
2,UN 1202,"ULSD - 50ppm Diesel fuel, ADO, AGO",17,UN 3295,"PyGas, Pygas-tail, Pyrolysis Gasoline",2,,
2,UN 1202,"ULSD - 50ppm Diesel fuel, ADO, AGO",18,UN 3295,"Cat Cracked Gasoline. LCCG, FRCCG",2,,
2,UN 1202,"ULSD - 50ppm Diesel fuel, ADO, AGO",19,UN 3295,"Platformate, Reformate - Mogas or Chem",2,,
2,UN 1202,"ULSD - 50ppm Diesel fuel, ADO, AGO",20,UN 1268,"Naphtha, Naphtha platfeed",3,,
2,UN 1202,"ULSD - 50ppm Diesel fuel, ADO, AGO",21,UN 3295,"Isomerate, Gasoline component",2,,
2,UN 1202,"ULSD - 50ppm Diesel fuel, ADO, AGO",22,UN 3295,"Alkylate, Gasoline component",2,,
2,UN 1202,"ULSD - 50ppm Diesel fuel, ADO, AGO",23,No UN Number,"FAME, Fatty Acid Methyl Esters",2,,
2,UN 1202,"ULSD - 50ppm Diesel fuel, ADO, AGO",24,UN 1170,"Ethanol, 100% EtOH, Ethyl Alcohol",8,,
2,UN 1202,"ULSD - 50ppm Diesel fuel, ADO, AGO",25,UN 1202,"Cycle Oil, Gas Oil & Cutter Stock",2,,
2,UN 1202,"ULSD - 50ppm Diesel fuel, ADO, AGO",26,No UN Number,"Vegetable Oils, MO, RO, PO, TO",21,,
2,UN 1202,"ULSD - 50ppm Diesel fuel, ADO, AGO",27,UN 1202,Lube Base Oil ((not a finished Lubricant),21,,
2,UN 1202,"ULSD - 50ppm Diesel fuel, ADO, AGO",28,Various,"Black Oil's inc: Crude Oil, Fuel Oil, Dirty Condensate, Waxy Dist',",21,,
3,UN 1202,"Detergent Addivated, 10ppm Diesel fuel, V-Power Diesel",1,UN1202,"AD10 - 10ppm Diesel fuel, ADO, AGO",2,,
3,UN 1202,"Detergent Addivated, 10ppm Diesel fuel, V-Power Diesel",2,UN 1202,"ULSD - 50ppm Diesel fuel, ADO, AGO",2,,
3,UN 1202,"Detergent Addivated, 10ppm Diesel fuel, V-Power Diesel",3,UN 1202,"Detergent Addivated, 10ppm Diesel fuel, V-Power Diesel",1,,
3,UN 1202,"Detergent Addivated, 10ppm Diesel fuel, V-Power Diesel",4,UN 1223 & 1202,"GTL Kero & Diesel, Synthetic Distillate",2,,
3,UN 1202,"Detergent Addivated, 10ppm Diesel fuel, V-Power Diesel",5,UN 1202,"Gas Oil 2000 ppm, Gasoil dyed, IGO, GOCI",2,,
3,UN 1202,"Detergent Addivated, 10ppm Diesel fuel, V-Power Diesel",6,UN 1202,"2000 ppm Gasoil undyed, IGO, GOCI",2,,
3,UN 1202,"Detergent Addivated, 10ppm Diesel fuel, V-Power Diesel",7,UN 1203,"10 ppm Gasoline,PU10, SU10, ULG",2,,
3,UN 1202,"Detergent Addivated, 10ppm Diesel fuel, V-Power Diesel",8,UN 1203,"50 ppm Gasoline, PU50, SU50, ULG",2,,
3,UN 1202,"Detergent Addivated, 10ppm Diesel fuel, V-Power Diesel",9,UN 1223,"Kerosene, Class C2 Burning Oil",2,,
3,UN 1202,"Detergent Addivated, 10ppm Diesel fuel, V-Power Diesel",10,UN 1223 & 1863,"Jet A1, AVTUR, Aviation Fuel",4,,
3,UN 1202,"Detergent Addivated, 10ppm Diesel fuel, V-Power Diesel",11,UN 1203,"AVGAS, 100LL, Aviation Fuel",4,,
3,UN 1202,"Detergent Addivated, 10ppm Diesel fuel, V-Power Diesel",12,UN 2398 & 1149,"MTBE & ETBE, Methyl & Ethyl Tertiary Butyl Ether",8,,
3,UN 1202,"Detergent Addivated, 10ppm Diesel fuel, V-Power Diesel",13,UN 1307,"Xylene, Xylenes-C8",8,,
3,UN 1202,"Detergent Addivated, 10ppm Diesel fuel, V-Power Diesel",14,UN 1294,Toluene,8,,
3,UN 1202,"Detergent Addivated, 10ppm Diesel fuel, V-Power Diesel",15,UN 3295,"Benzene Heart Cut, BHC, HCB",3,,
3,UN 1202,"Detergent Addivated, 10ppm Diesel fuel, V-Power Diesel",16,UN 1268,Natural Gas Condensate (crude feedstock),2,,
3,UN 1202,"Detergent Addivated, 10ppm Diesel fuel, V-Power Diesel",17,UN 3295,"PyGas, Pygas-tail, Pyrolysis Gasoline",2,,
3,UN 1202,"Detergent Addivated, 10ppm Diesel fuel, V-Power Diesel",18,UN 3295,"Cat Cracked Gasoline. LCCG, FRCCG",2,,
3,UN 1202,"Detergent Addivated, 10ppm Diesel fuel, V-Power Diesel",19,UN 3295,"Platformate, Reformate - Mogas or Chem",2,,
3,UN 1202,"Detergent Addivated, 10ppm Diesel fuel, V-Power Diesel",20,UN 1268,"Naphtha, Naphtha platfeed",3,,
3,UN 1202,"Detergent Addivated, 10ppm Diesel fuel, V-Power Diesel",21,UN 3295,"Isomerate, Gasoline component",2,,
3,UN 1202,"Detergent Addivated, 10ppm Diesel fuel, V-Power Diesel",22,UN 3295,"Alkylate, Gasoline component",2,,
3,UN 1202,"Detergent Addivated, 10ppm Diesel fuel, V-Power Diesel",23,No UN Number,"FAME, Fatty Acid Methyl Esters",2,,
3,UN 1202,"Detergent Addivated, 10ppm Diesel fuel, V-Power Diesel",24,UN 1170,"Ethanol, 100% EtOH, Ethyl Alcohol",8,,
3,UN 1202,"Detergent Addivated, 10ppm Diesel fuel, V-Power Diesel",25,UN 1202,"Cycle Oil, Gas Oil & Cutter Stock",2,,
3,UN 1202,"Detergent Addivated, 10ppm Diesel fuel, V-Power Diesel",26,No UN Number,"Vegetable Oils, MO, RO, PO, TO",21,,
3,UN 1202,"Detergent Addivated, 10ppm Diesel fuel, V-Power Diesel",27,UN 1202,Lube Base Oil ((not a finished Lubricant),21,,
3,UN 1202,"Detergent Addivated, 10ppm Diesel fuel, V-Power Diesel",28,Various,"Black Oil's inc: Crude Oil, Fuel Oil, Dirty Condensate, Waxy Dist',",21,,
4,UN 1223 & 1202,"GTL Kero & Diesel, Synthetic Distillate",1,UN1202,"AD10 - 10ppm Diesel fuel, ADO, AGO",2,,
4,UN 1223 & 1202,"GTL Kero & Diesel, Synthetic Distillate",2,UN 1202,"ULSD - 50ppm Diesel fuel, ADO, AGO",2,,
4,UN 1223 & 1202,"GTL Kero & Diesel, Synthetic Distillate",3,UN 1202,"Detergent Addivated, 10ppm Diesel fuel, V-Power Diesel",2,,
4,UN 1223 & 1202,"GTL Kero & Diesel, Synthetic Distillate",4,UN 1223 & 1202,"GTL Kero & Diesel, Synthetic Distillate",1,,
4,UN 1223 & 1202,"GTL Kero & Diesel, Synthetic Distillate",5,UN 1202,"Gas Oil 2000 ppm, Gasoil dyed, IGO, GOCI",2,,
4,UN 1223 & 1202,"GTL Kero & Diesel, Synthetic Distillate",6,UN 1202,"2000 ppm Gasoil undyed, IGO, GOCI",2,,
4,UN 1223 & 1202,"GTL Kero & Diesel, Synthetic Distillate",7,UN 1203,"10 ppm Gasoline,PU10, SU10, ULG",2,,
4,UN 1223 & 1202,"GTL Kero & Diesel, Synthetic Distillate",8,UN 1203,"50 ppm Gasoline, PU50, SU50, ULG",2,,
4,UN 1223 & 1202,"GTL Kero & Diesel, Synthetic Distillate",9,UN 1223,"Kerosene, Class C2 Burning Oil",2,,
4,UN 1223 & 1202,"GTL Kero & Diesel, Synthetic Distillate",10,UN 1223 & 1863,"Jet A1, AVTUR, Aviation Fuel",2,,
4,UN 1223 & 1202,"GTL Kero & Diesel, Synthetic Distillate",11,UN 1203,"AVGAS, 100LL, Aviation Fuel",4,,
4,UN 1223 & 1202,"GTL Kero & Diesel, Synthetic Distillate",12,UN 2398 & 1149,"MTBE & ETBE, Methyl & Ethyl Tertiary Butyl Ether",8,,
4,UN 1223 & 1202,"GTL Kero & Diesel, Synthetic Distillate",13,UN 1307,"Xylene, Xylenes-C8",8,,
4,UN 1223 & 1202,"GTL Kero & Diesel, Synthetic Distillate",14,UN 1294,Toluene,8,,
4,UN 1223 & 1202,"GTL Kero & Diesel, Synthetic Distillate",15,UN 3295,"Benzene Heart Cut, BHC, HCB",3,,
4,UN 1223 & 1202,"GTL Kero & Diesel, Synthetic Distillate",16,UN 1268,Natural Gas Condensate (crude feedstock),2,,
4,UN 1223 & 1202,"GTL Kero & Diesel, Synthetic Distillate",17,UN 3295,"PyGas, Pygas-tail, Pyrolysis Gasoline",2,,
4,UN 1223 & 1202,"GTL Kero & Diesel, Synthetic Distillate",18,UN 3295,"Cat Cracked Gasoline. LCCG, FRCCG",2,,
4,UN 1223 & 1202,"GTL Kero & Diesel, Synthetic Distillate",19,UN 3295,"Platformate, Reformate - Mogas or Chem",2,,
4,UN 1223 & 1202,"GTL Kero & Diesel, Synthetic Distillate",20,UN 1268,"Naphtha, Naphtha platfeed",3,,
4,UN 1223 & 1202,"GTL Kero & Diesel, Synthetic Distillate",21,UN 3295,"Isomerate, Gasoline component",2,,
4,UN 1223 & 1202,"GTL Kero & Diesel, Synthetic Distillate",22,UN 3295,"Alkylate, Gasoline component",2,,
4,UN 1223 & 1202,"GTL Kero & Diesel, Synthetic Distillate",23,No UN Number,"FAME, Fatty Acid Methyl Esters",2,,
4,UN 1223 & 1202,"GTL Kero & Diesel, Synthetic Distillate",24,UN 1170,"Ethanol, 100% EtOH, Ethyl Alcohol",8,,
4,UN 1223 & 1202,"GTL Kero & Diesel, Synthetic Distillate",25,UN 1202,"Cycle Oil, Gas Oil & Cutter Stock",2,,
4,UN 1223 & 1202,"GTL Kero & Diesel, Synthetic Distillate",26,No UN Number,"Vegetable Oils, MO, RO, PO, TO",21,,
4,UN 1223 & 1202,"GTL Kero & Diesel, Synthetic Distillate",27,UN 1202,Lube Base Oil ((not a finished Lubricant),21,,
4,UN 1223 & 1202,"GTL Kero & Diesel, Synthetic Distillate",28,Various,"Black Oil's inc: Crude Oil, Fuel Oil, Dirty Condensate, Waxy Dist',",21,,
5,UN 1202,"Gas Oil 2000 ppm, Gasoil dyed, IGO, GOCI",1,UN1202,"AD10 - 10ppm Diesel fuel, ADO, AGO",4,,
5,UN 1202,"Gas Oil 2000 ppm, Gasoil dyed, IGO, GOCI",2,UN 1202,"ULSD - 50ppm Diesel fuel, ADO, AGO",4,,
5,UN 1202,"Gas Oil 2000 ppm, Gasoil dyed, IGO, GOCI",3,UN 1202,"Detergent Addivated, 10ppm Diesel fuel, V-Power Diesel",4,,
5,UN 1202,"Gas Oil 2000 ppm, Gasoil dyed, IGO, GOCI",4,UN 1223 & 1202,"GTL Kero & Diesel, Synthetic Distillate",4,,
5,UN 1202,"Gas Oil 2000 ppm, Gasoil dyed, IGO, GOCI",5,UN 1202,"Gas Oil 2000 ppm, Gasoil dyed, IGO, GOCI",1,,
5,UN 1202,"Gas Oil 2000 ppm, Gasoil dyed, IGO, GOCI",6,UN 1202,"2000 ppm Gasoil undyed, IGO, GOCI",3,,
5,UN 1202,"Gas Oil 2000 ppm, Gasoil dyed, IGO, GOCI",7,UN 1203,"10 ppm Gasoline,PU10, SU10, ULG",3,,
5,UN 1202,"Gas Oil 2000 ppm, Gasoil dyed, IGO, GOCI",8,UN 1203,"50 ppm Gasoline, PU50, SU50, ULG",3,,
5,UN 1202,"Gas Oil 2000 ppm, Gasoil dyed, IGO, GOCI",9,UN 1223,"Kerosene, Class C2 Burning Oil",3,,
5,UN 1202,"Gas Oil 2000 ppm, Gasoil dyed, IGO, GOCI",10,UN 1223 & 1863,"Jet A1, AVTUR, Aviation Fuel",4,,
5,UN 1202,"Gas Oil 2000 ppm, Gasoil dyed, IGO, GOCI",11,UN 1203,"AVGAS, 100LL, Aviation Fuel",4,,
5,UN 1202,"Gas Oil 2000 ppm, Gasoil dyed, IGO, GOCI",12,UN 2398 & 1149,"MTBE & ETBE, Methyl & Ethyl Tertiary Butyl Ether",27,,
5,UN 1202,"Gas Oil 2000 ppm, Gasoil dyed, IGO, GOCI",13,UN 1307,"Xylene, Xylenes-C8",27,,
5,UN 1202,"Gas Oil 2000 ppm, Gasoil dyed, IGO, GOCI",14,UN 1294,Toluene,27,,
5,UN 1202,"Gas Oil 2000 ppm, Gasoil dyed, IGO, GOCI",15,UN 3295,"Benzene Heart Cut, BHC, HCB",3,,
5,UN 1202,"Gas Oil 2000 ppm, Gasoil dyed, IGO, GOCI",16,UN 1268,Natural Gas Condensate (crude feedstock),2,,
5,UN 1202,"Gas Oil 2000 ppm, Gasoil dyed, IGO, GOCI",17,UN 3295,"PyGas, Pygas-tail, Pyrolysis Gasoline",3,,
5,UN 1202,"Gas Oil 2000 ppm, Gasoil dyed, IGO, GOCI",18,UN 3295,"Cat Cracked Gasoline. LCCG, FRCCG",3,,
5,UN 1202,"Gas Oil 2000 ppm, Gasoil dyed, IGO, GOCI",19,UN 3295,"Platformate, Reformate - Mogas or Chem",13,,
5,UN 1202,"Gas Oil 2000 ppm, Gasoil dyed, IGO, GOCI",20,UN 1268,"Naphtha, Naphtha platfeed",3,,
5,UN 1202,"Gas Oil 2000 ppm, Gasoil dyed, IGO, GOCI",21,UN 3295,"Isomerate, Gasoline component",3,,
5,UN 1202,"Gas Oil 2000 ppm, Gasoil dyed, IGO, GOCI",22,UN 3295,"Alkylate, Gasoline component",3,,
5,UN 1202,"Gas Oil 2000 ppm, Gasoil dyed, IGO, GOCI",23,No UN Number,"FAME, Fatty Acid Methyl Esters",3,,
5,UN 1202,"Gas Oil 2000 ppm, Gasoil dyed, IGO, GOCI",24,UN 1170,"Ethanol, 100% EtOH, Ethyl Alcohol",27,,
5,UN 1202,"Gas Oil 2000 ppm, Gasoil dyed, IGO, GOCI",25,UN 1202,"Cycle Oil, Gas Oil & Cutter Stock",2,,
5,UN 1202,"Gas Oil 2000 ppm, Gasoil dyed, IGO, GOCI",26,No UN Number,"Vegetable Oils, MO, RO, PO, TO",21,,
5,UN 1202,"Gas Oil 2000 ppm, Gasoil dyed, IGO, GOCI",27,UN 1202,Lube Base Oil ((not a finished Lubricant),21,,
5,UN 1202,"Gas Oil 2000 ppm, Gasoil dyed, IGO, GOCI",28,Various,"Black Oil's inc: Crude Oil, Fuel Oil, Dirty Condensate, Waxy Dist',",21,,
6,UN 1202,"2000 ppm Gasoil undyed, IGO, GOCI",1,UN1202,"AD10 - 10ppm Diesel fuel, ADO, AGO",4,,
6,UN 1202,"2000 ppm Gasoil undyed, IGO, GOCI",2,UN 1202,"ULSD - 50ppm Diesel fuel, ADO, AGO",2,,
6,UN 1202,"2000 ppm Gasoil undyed, IGO, GOCI",3,UN 1202,"Detergent Addivated, 10ppm Diesel fuel, V-Power Diesel",4,,
6,UN 1202,"2000 ppm Gasoil undyed, IGO, GOCI",4,UN 1223 & 1202,"GTL Kero & Diesel, Synthetic Distillate",4,,
6,UN 1202,"2000 ppm Gasoil undyed, IGO, GOCI",5,UN 1202,"Gas Oil 2000 ppm, Gasoil dyed, IGO, GOCI",2,,
6,UN 1202,"2000 ppm Gasoil undyed, IGO, GOCI",6,UN 1202,"2000 ppm Gasoil undyed, IGO, GOCI",1,,26
6,UN 1202,"2000 ppm Gasoil undyed, IGO, GOCI",7,UN 1203,"10 ppm Gasoline,PU10, SU10, ULG",3,,
6,UN 1202,"2000 ppm Gasoil undyed, IGO, GOCI",8,UN 1203,"50 ppm Gasoline, PU50, SU50, ULG",2,,
6,UN 1202,"2000 ppm Gasoil undyed, IGO, GOCI",9,UN 1223,"Kerosene, Class C2 Burning Oil",2,,
6,UN 1202,"2000 ppm Gasoil undyed, IGO, GOCI",10,UN 1223 & 1863,"Jet A1, AVTUR, Aviation Fuel",2,,
6,UN 1202,"2000 ppm Gasoil undyed, IGO, GOCI",11,UN 1203,"AVGAS, 100LL, Aviation Fuel",4,,
6,UN 1202,"2000 ppm Gasoil undyed, IGO, GOCI",12,UN 2398 & 1149,"MTBE & ETBE, Methyl & Ethyl Tertiary Butyl Ether",27,,
6,UN 1202,"2000 ppm Gasoil undyed, IGO, GOCI",13,UN 1307,"Xylene, Xylenes-C8",27,,
6,UN 1202,"2000 ppm Gasoil undyed, IGO, GOCI",14,UN 1294,Toluene,27,,
6,UN 1202,"2000 ppm Gasoil undyed, IGO, GOCI",15,UN 3295,"Benzene Heart Cut, BHC, HCB",3,,
6,UN 1202,"2000 ppm Gasoil undyed, IGO, GOCI",16,UN 1268,Natural Gas Condensate (crude feedstock),2,,
6,UN 1202,"2000 ppm Gasoil undyed, IGO, GOCI",17,UN 3295,"PyGas, Pygas-tail, Pyrolysis Gasoline",3,,
6,UN 1202,"2000 ppm Gasoil undyed, IGO, GOCI",18,UN 3295,"Cat Cracked Gasoline. LCCG, FRCCG",3,,
6,UN 1202,"2000 ppm Gasoil undyed, IGO, GOCI",19,UN 3295,"Platformate, Reformate - Mogas or Chem",13,,
6,UN 1202,"2000 ppm Gasoil undyed, IGO, GOCI",20,UN 1268,"Naphtha, Naphtha platfeed",3,,
6,UN 1202,"2000 ppm Gasoil undyed, IGO, GOCI",21,UN 3295,"Isomerate, Gasoline component",3,,
6,UN 1202,"2000 ppm Gasoil undyed, IGO, GOCI",22,UN 3295,"Alkylate, Gasoline component",3,,
6,UN 1202,"2000 ppm Gasoil undyed, IGO, GOCI",23,No UN Number,"FAME, Fatty Acid Methyl Esters",3,,
6,UN 1202,"2000 ppm Gasoil undyed, IGO, GOCI",24,UN 1170,"Ethanol, 100% EtOH, Ethyl Alcohol",8,,
6,UN 1202,"2000 ppm Gasoil undyed, IGO, GOCI",25,UN 1202,"Cycle Oil, Gas Oil & Cutter Stock",2,,
6,UN 1202,"2000 ppm Gasoil undyed, IGO, GOCI",26,No UN Number,"Vegetable Oils, MO, RO, PO, TO",21,,
6,UN 1202,"2000 ppm Gasoil undyed, IGO, GOCI",27,UN 1202,Lube Base Oil ((not a finished Lubricant),21,,
6,UN 1202,"2000 ppm Gasoil undyed, IGO, GOCI",28,Various,"Black Oil's inc: Crude Oil, Fuel Oil, Dirty Condensate, Waxy Dist',",21,,
7,UN 1203,"10 ppm Gasoline,PU10, SU10, ULG",1,UN1202,"AD10 - 10ppm Diesel fuel, ADO, AGO",4,,
7,UN 1203,"10 ppm Gasoline,PU10, SU10, ULG",2,UN 1202,"ULSD - 50ppm Diesel fuel, ADO, AGO",4,,
7,UN 1203,"10 ppm Gasoline,PU10, SU10, ULG",3,UN 1202,"Detergent Addivated, 10ppm Diesel fuel, V-Power Diesel",4,,
7,UN 1203,"10 ppm Gasoline,PU10, SU10, ULG",4,UN 1223 & 1202,"GTL Kero & Diesel, Synthetic Distillate",4,,
7,UN 1203,"10 ppm Gasoline,PU10, SU10, ULG",5,UN 1202,"Gas Oil 2000 ppm, Gasoil dyed, IGO, GOCI",10,,
7,UN 1203,"10 ppm Gasoline,PU10, SU10, ULG",6,UN 1202,"2000 ppm Gasoil undyed, IGO, GOCI",10,,
7,UN 1203,"10 ppm Gasoline,PU10, SU10, ULG",7,UN 1203,"10 ppm Gasoline,PU10, SU10, ULG",1,,
7,UN 1203,"10 ppm Gasoline,PU10, SU10, ULG",8,UN 1203,"50 ppm Gasoline, PU50, SU50, ULG",2,,
7,UN 1203,"10 ppm Gasoline,PU10, SU10, ULG",9,UN 1223,"Kerosene, Class C2 Burning Oil",10,,
7,UN 1203,"10 ppm Gasoline,PU10, SU10, ULG",10,UN 1223 & 1863,"Jet A1, AVTUR, Aviation Fuel",4,,
7,UN 1203,"10 ppm Gasoline,PU10, SU10, ULG",11,UN 1203,"AVGAS, 100LL, Aviation Fuel",15,,
7,UN 1203,"10 ppm Gasoline,PU10, SU10, ULG",12,UN 2398 & 1149,"MTBE & ETBE, Methyl & Ethyl Tertiary Butyl Ether",8,,
7,UN 1203,"10 ppm Gasoline,PU10, SU10, ULG",13,UN 1307,"Xylene, Xylenes-C8",8,,
7,UN 1203,"10 ppm Gasoline,PU10, SU10, ULG",14,UN 1294,Toluene,8,,
7,UN 1203,"10 ppm Gasoline,PU10, SU10, ULG",15,UN 3295,"Benzene Heart Cut, BHC, HCB",3,,
7,UN 1203,"10 ppm Gasoline,PU10, SU10, ULG",16,UN 1268,Natural Gas Condensate (crude feedstock),2,,
7,UN 1203,"10 ppm Gasoline,PU10, SU10, ULG",17,UN 3295,"PyGas, Pygas-tail, Pyrolysis Gasoline",2,,
7,UN 1203,"10 ppm Gasoline,PU10, SU10, ULG",18,UN 3295,"Cat Cracked Gasoline. LCCG, FRCCG",2,,
7,UN 1203,"10 ppm Gasoline,PU10, SU10, ULG",19,UN 3295,"Platformate, Reformate - Mogas or Chem",23,,
7,UN 1203,"10 ppm Gasoline,PU10, SU10, ULG",20,UN 1268,"Naphtha, Naphtha platfeed",16,,
7,UN 1203,"10 ppm Gasoline,PU10, SU10, ULG",21,UN 3295,"Isomerate, Gasoline component",2,,
7,UN 1203,"10 ppm Gasoline,PU10, SU10, ULG",22,UN 3295,"Alkylate, Gasoline component",2,,
7,UN 1203,"10 ppm Gasoline,PU10, SU10, ULG",23,No UN Number,"FAME, Fatty Acid Methyl Esters",10,,
7,UN 1203,"10 ppm Gasoline,PU10, SU10, ULG",24,UN 1170,"Ethanol, 100% EtOH, Ethyl Alcohol",8,,
7,UN 1203,"10 ppm Gasoline,PU10, SU10, ULG",25,UN 1202,"Cycle Oil, Gas Oil & Cutter Stock",10,,
7,UN 1203,"10 ppm Gasoline,PU10, SU10, ULG",26,No UN Number,"Vegetable Oils, MO, RO, PO, TO",21,,
7,UN 1203,"10 ppm Gasoline,PU10, SU10, ULG",27,UN 1202,Lube Base Oil ((not a finished Lubricant),21,,
7,UN 1203,"10 ppm Gasoline,PU10, SU10, ULG",28,Various,"Black Oil's inc: Crude Oil, Fuel Oil, Dirty Condensate, Waxy Dist',",21,,
8,UN 1203,"50 ppm Gasoline, PU50, SU50, ULG",1,UN1202,"AD10 - 10ppm Diesel fuel, ADO, AGO",4,,
8,UN 1203,"50 ppm Gasoline, PU50, SU50, ULG",2,UN 1202,"ULSD - 50ppm Diesel fuel, ADO, AGO",4,,
8,UN 1203,"50 ppm Gasoline, PU50, SU50, ULG",3,UN 1202,"Detergent Addivated, 10ppm Diesel fuel, V-Power Diesel",4,,
8,UN 1203,"50 ppm Gasoline, PU50, SU50, ULG",4,UN 1223 & 1202,"GTL Kero & Diesel, Synthetic Distillate",4,,
8,UN 1203,"50 ppm Gasoline, PU50, SU50, ULG",5,UN 1202,"Gas Oil 2000 ppm, Gasoil dyed, IGO, GOCI",10,,
8,UN 1203,"50 ppm Gasoline, PU50, SU50, ULG",6,UN 1202,"2000 ppm Gasoil undyed, IGO, GOCI",10,,
8,UN 1203,"50 ppm Gasoline, PU50, SU50, ULG",7,UN 1203,"10 ppm Gasoline,PU10, SU10, ULG",2,,
8,UN 1203,"50 ppm Gasoline, PU50, SU50, ULG",8,UN 1203,"50 ppm Gasoline, PU50, SU50, ULG",1,,
8,UN 1203,"50 ppm Gasoline, PU50, SU50, ULG",9,UN 1223,"Kerosene, Class C2 Burning Oil",10,,
8,UN 1203,"50 ppm Gasoline, PU50, SU50, ULG",10,UN 1223 & 1863,"Jet A1, AVTUR, Aviation Fuel",4,,
8,UN 1203,"50 ppm Gasoline, PU50, SU50, ULG",11,UN 1203,"AVGAS, 100LL, Aviation Fuel",15,,
8,UN 1203,"50 ppm Gasoline, PU50, SU50, ULG",12,UN 2398 & 1149,"MTBE & ETBE, Methyl & Ethyl Tertiary Butyl Ether",8,,
8,UN 1203,"50 ppm Gasoline, PU50, SU50, ULG",13,UN 1307,"Xylene, Xylenes-C8",8,,
8,UN 1203,"50 ppm Gasoline, PU50, SU50, ULG",14,UN 1294,Toluene,8,,
8,UN 1203,"50 ppm Gasoline, PU50, SU50, ULG",15,UN 3295,"Benzene Heart Cut, BHC, HCB",3,,
8,UN 1203,"50 ppm Gasoline, PU50, SU50, ULG",16,UN 1268,Natural Gas Condensate (crude feedstock),2,,
8,UN 1203,"50 ppm Gasoline, PU50, SU50, ULG",17,UN 3295,"PyGas, Pygas-tail, Pyrolysis Gasoline",2,,
8,UN 1203,"50 ppm Gasoline, PU50, SU50, ULG",18,UN 3295,"Cat Cracked Gasoline. LCCG, FRCCG",2,,
8,UN 1203,"50 ppm Gasoline, PU50, SU50, ULG",19,UN 3295,"Platformate, Reformate - Mogas or Chem",23,,
8,UN 1203,"50 ppm Gasoline, PU50, SU50, ULG",20,UN 1268,"Naphtha, Naphtha platfeed",16,,
8,UN 1203,"50 ppm Gasoline, PU50, SU50, ULG",21,UN 3295,"Isomerate, Gasoline component",2,,
8,UN 1203,"50 ppm Gasoline, PU50, SU50, ULG",22,UN 3295,"Alkylate, Gasoline component",2,,
8,UN 1203,"50 ppm Gasoline, PU50, SU50, ULG",23,No UN Number,"FAME, Fatty Acid Methyl Esters",10,,
8,UN 1203,"50 ppm Gasoline, PU50, SU50, ULG",24,UN 1170,"Ethanol, 100% EtOH, Ethyl Alcohol",8,,
8,UN 1203,"50 ppm Gasoline, PU50, SU50, ULG",25,UN 1202,"Cycle Oil, Gas Oil & Cutter Stock",10,,
8,UN 1203,"50 ppm Gasoline, PU50, SU50, ULG",26,No UN Number,"Vegetable Oils, MO, RO, PO, TO",21,,
8,UN 1203,"50 ppm Gasoline, PU50, SU50, ULG",27,UN 1202,Lube Base Oil ((not a finished Lubricant),21,,
8,UN 1203,"50 ppm Gasoline, PU50, SU50, ULG",28,Various,"Black Oil's inc: Crude Oil, Fuel Oil, Dirty Condensate, Waxy Dist',",21,,
9,UN 1223,"Kerosene, Class C2 Burning Oil",1,UN1202,"AD10 - 10ppm Diesel fuel, ADO, AGO",4,,
9,UN 1223,"Kerosene, Class C2 Burning Oil",2,UN 1202,"ULSD - 50ppm Diesel fuel, ADO, AGO",2,,
9,UN 1223,"Kerosene, Class C2 Burning Oil",3,UN 1202,"Detergent Addivated, 10ppm Diesel fuel, V-Power Diesel",4,,
9,UN 1223,"Kerosene, Class C2 Burning Oil",4,UN 1223 & 1202,"GTL Kero & Diesel, Synthetic Distillate",4,,
9,UN 1223,"Kerosene, Class C2 Burning Oil",5,UN 1202,"Gas Oil 2000 ppm, Gasoil dyed, IGO, GOCI",2,,
9,UN 1223,"Kerosene, Class C2 Burning Oil",6,UN 1202,"2000 ppm Gasoil undyed, IGO, GOCI",2,,
9,UN 1223,"Kerosene, Class C2 Burning Oil",7,UN 1203,"10 ppm Gasoline,PU10, SU10, ULG",3,,
9,UN 1223,"Kerosene, Class C2 Burning Oil",8,UN 1203,"50 ppm Gasoline, PU50, SU50, ULG",2,,
9,UN 1223,"Kerosene, Class C2 Burning Oil",9,UN 1223,"Kerosene, Class C2 Burning Oil",1,,
9,UN 1223,"Kerosene, Class C2 Burning Oil",10,UN 1223 & 1863,"Jet A1, AVTUR, Aviation Fuel",1,,
9,UN 1223,"Kerosene, Class C2 Burning Oil",11,UN 1203,"AVGAS, 100LL, Aviation Fuel",4,,
9,UN 1223,"Kerosene, Class C2 Burning Oil",12,UN 2398 & 1149,"MTBE & ETBE, Methyl & Ethyl Tertiary Butyl Ether",27,,
9,UN 1223,"Kerosene, Class C2 Burning Oil",13,UN 1307,"Xylene, Xylenes-C8",27,,
9,UN 1223,"Kerosene, Class C2 Burning Oil",14,UN 1294,Toluene,27,,
9,UN 1223,"Kerosene, Class C2 Burning Oil",15,UN 3295,"Benzene Heart Cut, BHC, HCB",3,,
9,UN 1223,"Kerosene, Class C2 Burning Oil",16,UN 1268,Natural Gas Condensate (crude feedstock),2,,
9,UN 1223,"Kerosene, Class C2 Burning Oil",17,UN 3295,"PyGas, Pygas-tail, Pyrolysis Gasoline",3,,
9,UN 1223,"Kerosene, Class C2 Burning Oil",18,UN 3295,"Cat Cracked Gasoline. LCCG, FRCCG",3,,
9,UN 1223,"Kerosene, Class C2 Burning Oil",19,UN 3295,"Platformate, Reformate - Mogas or Chem",14,,
9,UN 1223,"Kerosene, Class C2 Burning Oil",20,UN 1268,"Naphtha, Naphtha platfeed",2,,
9,UN 1223,"Kerosene, Class C2 Burning Oil",21,UN 3295,"Isomerate, Gasoline component",3,,
9,UN 1223,"Kerosene, Class C2 Burning Oil",22,UN 3295,"Alkylate, Gasoline component",3,,
9,UN 1223,"Kerosene, Class C2 Burning Oil",23,No UN Number,"FAME, Fatty Acid Methyl Esters",3,,
9,UN 1223,"Kerosene, Class C2 Burning Oil",24,UN 1170,"Ethanol, 100% EtOH, Ethyl Alcohol",8,,
9,UN 1223,"Kerosene, Class C2 Burning Oil",25,UN 1202,"Cycle Oil, Gas Oil & Cutter Stock",2,,
9,UN 1223,"Kerosene, Class C2 Burning Oil",26,No UN Number,"Vegetable Oils, MO, RO, PO, TO",21,,
9,UN 1223,"Kerosene, Class C2 Burning Oil",27,UN 1202,Lube Base Oil ((not a finished Lubricant),21,,
9,UN 1223,"Kerosene, Class C2 Burning Oil",28,Various,"Black Oil's inc: Crude Oil, Fuel Oil, Dirty Condensate, Waxy Dist',",21,,
10,UN 1223 & 1863,"Jet A1, AVTUR, Aviation Fuel",1,UN1202,"AD10 - 10ppm Diesel fuel, ADO, AGO",4,,
10,UN 1223 & 1863,"Jet A1, AVTUR, Aviation Fuel",2,UN 1202,"ULSD - 50ppm Diesel fuel, ADO, AGO",2,,
10,UN 1223 & 1863,"Jet A1, AVTUR, Aviation Fuel",3,UN 1202,"Detergent Addivated, 10ppm Diesel fuel, V-Power Diesel",4,,
10,UN 1223 & 1863,"Jet A1, AVTUR, Aviation Fuel",4,UN 1223 & 1202,"GTL Kero & Diesel, Synthetic Distillate",4,,
10,UN 1223 & 1863,"Jet A1, AVTUR, Aviation Fuel",5,UN 1202,"Gas Oil 2000 ppm, Gasoil dyed, IGO, GOCI",2,,
10,UN 1223 & 1863,"Jet A1, AVTUR, Aviation Fuel",6,UN 1202,"2000 ppm Gasoil undyed, IGO, GOCI",2,,
10,UN 1223 & 1863,"Jet A1, AVTUR, Aviation Fuel",7,UN 1203,"10 ppm Gasoline,PU10, SU10, ULG",3,,
10,UN 1223 & 1863,"Jet A1, AVTUR, Aviation Fuel",8,UN 1203,"50 ppm Gasoline, PU50, SU50, ULG",2,,
10,UN 1223 & 1863,"Jet A1, AVTUR, Aviation Fuel",9,UN 1223,"Kerosene, Class C2 Burning Oil",1,,
10,UN 1223 & 1863,"Jet A1, AVTUR, Aviation Fuel",10,UN 1223 & 1863,"Jet A1, AVTUR, Aviation Fuel",1,,
10,UN 1223 & 1863,"Jet A1, AVTUR, Aviation Fuel",11,UN 1203,"AVGAS, 100LL, Aviation Fuel",4,,
10,UN 1223 & 1863,"Jet A1, AVTUR, Aviation Fuel",12,UN 2398 & 1149,"MTBE & ETBE, Methyl & Ethyl Tertiary Butyl Ether",27,,
10,UN 1223 & 1863,"Jet A1, AVTUR, Aviation Fuel",13,UN 1307,"Xylene, Xylenes-C8",27,,
10,UN 1223 & 1863,"Jet A1, AVTUR, Aviation Fuel",14,UN 1294,Toluene,27,,
10,UN 1223 & 1863,"Jet A1, AVTUR, Aviation Fuel",15,UN 3295,"Benzene Heart Cut, BHC, HCB",3,,
10,UN 1223 & 1863,"Jet A1, AVTUR, Aviation Fuel",16,UN 1268,Natural Gas Condensate (crude feedstock),2,,
10,UN 1223 & 1863,"Jet A1, AVTUR, Aviation Fuel",17,UN 3295,"PyGas, Pygas-tail, Pyrolysis Gasoline",3,,
10,UN 1223 & 1863,"Jet A1, AVTUR, Aviation Fuel",18,UN 3295,"Cat Cracked Gasoline. LCCG, FRCCG",3,,
10,UN 1223 & 1863,"Jet A1, AVTUR, Aviation Fuel",19,UN 3295,"Platformate, Reformate - Mogas or Chem",14,,
10,UN 1223 & 1863,"Jet A1, AVTUR, Aviation Fuel",20,UN 1268,"Naphtha, Naphtha platfeed",2,,
10,UN 1223 & 1863,"Jet A1, AVTUR, Aviation Fuel",21,UN 3295,"Isomerate, Gasoline component",3,,
10,UN 1223 & 1863,"Jet A1, AVTUR, Aviation Fuel",22,UN 3295,"Alkylate, Gasoline component",3,,
10,UN 1223 & 1863,"Jet A1, AVTUR, Aviation Fuel",23,No UN Number,"FAME, Fatty Acid Methyl Esters",3,,
10,UN 1223 & 1863,"Jet A1, AVTUR, Aviation Fuel",24,UN 1170,"Ethanol, 100% EtOH, Ethyl Alcohol",8,,
10,UN 1223 & 1863,"Jet A1, AVTUR, Aviation Fuel",25,UN 1202,"Cycle Oil, Gas Oil & Cutter Stock",2,,
10,UN 1223 & 1863,"Jet A1, AVTUR, Aviation Fuel",26,No UN Number,"Vegetable Oils, MO, RO, PO, TO",21,,
10,UN 1223 & 1863,"Jet A1, AVTUR, Aviation Fuel",27,UN 1202,Lube Base Oil ((not a finished Lubricant),21,,
10,UN 1223 & 1863,"Jet A1, AVTUR, Aviation Fuel",28,Various,"Black Oil's inc: Crude Oil, Fuel Oil, Dirty Condensate, Waxy Dist',",21,,
11,UN 1203,"AVGAS, 100LL, Aviation Fuel",1,UN1202,"AD10 - 10ppm Diesel fuel, ADO, AGO",4,,
11,UN 1203,"AVGAS, 100LL, Aviation Fuel",2,UN 1202,"ULSD - 50ppm Diesel fuel, ADO, AGO",4,,
11,UN 1203,"AVGAS, 100LL, Aviation Fuel",3,UN 1202,"Detergent Addivated, 10ppm Diesel fuel, V-Power Diesel",4,,
11,UN 1203,"AVGAS, 100LL, Aviation Fuel",4,UN 1223 & 1202,"GTL Kero & Diesel, Synthetic Distillate",4,,
11,UN 1203,"AVGAS, 100LL, Aviation Fuel",5,UN 1202,"Gas Oil 2000 ppm, Gasoil dyed, IGO, GOCI",11,,
11,UN 1203,"AVGAS, 100LL, Aviation Fuel",6,UN 1202,"2000 ppm Gasoil undyed, IGO, GOCI",11,,
11,UN 1203,"AVGAS, 100LL, Aviation Fuel",7,UN 1203,"10 ppm Gasoline,PU10, SU10, ULG",3,,
11,UN 1203,"AVGAS, 100LL, Aviation Fuel",8,UN 1203,"50 ppm Gasoline, PU50, SU50, ULG",3,,
11,UN 1203,"AVGAS, 100LL, Aviation Fuel",9,UN 1223,"Kerosene, Class C2 Burning Oil",11,,
11,UN 1203,"AVGAS, 100LL, Aviation Fuel",10,UN 1223 & 1863,"Jet A1, AVTUR, Aviation Fuel",4,,
11,UN 1203,"AVGAS, 100LL, Aviation Fuel",11,UN 1203,"AVGAS, 100LL, Aviation Fuel",1,,
11,UN 1203,"AVGAS, 100LL, Aviation Fuel",12,UN 2398 & 1149,"MTBE & ETBE, Methyl & Ethyl Tertiary Butyl Ether",27,,
11,UN 1203,"AVGAS, 100LL, Aviation Fuel",13,UN 1307,"Xylene, Xylenes-C8",23,,
11,UN 1203,"AVGAS, 100LL, Aviation Fuel",14,UN 1294,Toluene,23,,
11,UN 1203,"AVGAS, 100LL, Aviation Fuel",15,UN 3295,"Benzene Heart Cut, BHC, HCB",24,,
11,UN 1203,"AVGAS, 100LL, Aviation Fuel",16,UN 1268,Natural Gas Condensate (crude feedstock),24,,
11,UN 1203,"AVGAS, 100LL, Aviation Fuel",17,UN 3295,"PyGas, Pygas-tail, Pyrolysis Gasoline",3,,
11,UN 1203,"AVGAS, 100LL, Aviation Fuel",18,UN 3295,"Cat Cracked Gasoline. LCCG, FRCCG",3,,
11,UN 1203,"AVGAS, 100LL, Aviation Fuel",19,UN 3295,"Platformate, Reformate - Mogas or Chem",26,,
11,UN 1203,"AVGAS, 100LL, Aviation Fuel",20,UN 1268,"Naphtha, Naphtha platfeed",24,,
11,UN 1203,"AVGAS, 100LL, Aviation Fuel",21,UN 3295,"Isomerate, Gasoline component",3,,
11,UN 1203,"AVGAS, 100LL, Aviation Fuel",22,UN 3295,"Alkylate, Gasoline component",3,,
11,UN 1203,"AVGAS, 100LL, Aviation Fuel",23,No UN Number,"FAME, Fatty Acid Methyl Esters",10,,
11,UN 1203,"AVGAS, 100LL, Aviation Fuel",24,UN 1170,"Ethanol, 100% EtOH, Ethyl Alcohol",8,,
11,UN 1203,"AVGAS, 100LL, Aviation Fuel",25,UN 1202,"Cycle Oil, Gas Oil & Cutter Stock",3,,
11,UN 1203,"AVGAS, 100LL, Aviation Fuel",26,No UN Number,"Vegetable Oils, MO, RO, PO, TO",21,,
11,UN 1203,"AVGAS, 100LL, Aviation Fuel",27,UN 1202,Lube Base Oil ((not a finished Lubricant),21,,
11,UN 1203,"AVGAS, 100LL, Aviation Fuel",28,Various,"Black Oil's inc: Crude Oil, Fuel Oil, Dirty Condensate, Waxy Dist',",21,,
12,UN 2398 & 1149,"MTBE & ETBE, Methyl & Ethyl Tertiary Butyl Ether",1,UN1202,"AD10 - 10ppm Diesel fuel, ADO, AGO",4,,
12,UN 2398 & 1149,"MTBE & ETBE, Methyl & Ethyl Tertiary Butyl Ether",2,UN 1202,"ULSD - 50ppm Diesel fuel, ADO, AGO",4,,
12,UN 2398 & 1149,"MTBE & ETBE, Methyl & Ethyl Tertiary Butyl Ether",3,UN 1202,"Detergent Addivated, 10ppm Diesel fuel, V-Power Diesel",4,,
12,UN 2398 & 1149,"MTBE & ETBE, Methyl & Ethyl Tertiary Butyl Ether",4,UN 1223 & 1202,"GTL Kero & Diesel, Synthetic Distillate",4,,
12,UN 2398 & 1149,"MTBE & ETBE, Methyl & Ethyl Tertiary Butyl Ether",5,UN 1202,"Gas Oil 2000 ppm, Gasoil dyed, IGO, GOCI",10,,
12,UN 2398 & 1149,"MTBE & ETBE, Methyl & Ethyl Tertiary Butyl Ether",6,UN 1202,"2000 ppm Gasoil undyed, IGO, GOCI",10,,
12,UN 2398 & 1149,"MTBE & ETBE, Methyl & Ethyl Tertiary Butyl Ether",7,UN 1203,"10 ppm Gasoline,PU10, SU10, ULG",2,,
12,UN 2398 & 1149,"MTBE & ETBE, Methyl & Ethyl Tertiary Butyl Ether",8,UN 1203,"50 ppm Gasoline, PU50, SU50, ULG",2,,
12,UN 2398 & 1149,"MTBE & ETBE, Methyl & Ethyl Tertiary Butyl Ether",9,UN 1223,"Kerosene, Class C2 Burning Oil",10,,
12,UN 2398 & 1149,"MTBE & ETBE, Methyl & Ethyl Tertiary Butyl Ether",10,UN 1223 & 1863,"Jet A1, AVTUR, Aviation Fuel",24,,
12,UN 2398 & 1149,"MTBE & ETBE, Methyl & Ethyl Tertiary Butyl Ether",11,UN 1203,"AVGAS, 100LL, Aviation Fuel",24,,
12,UN 2398 & 1149,"MTBE & ETBE, Methyl & Ethyl Tertiary Butyl Ether",12,UN 2398 & 1149,"MTBE & ETBE, Methyl & Ethyl Tertiary Butyl Ether",1,,
12,UN 2398 & 1149,"MTBE & ETBE, Methyl & Ethyl Tertiary Butyl Ether",13,UN 1307,"Xylene, Xylenes-C8",23,,
12,UN 2398 & 1149,"MTBE & ETBE, Methyl & Ethyl Tertiary Butyl Ether",14,UN 1294,Toluene,23,,
12,UN 2398 & 1149,"MTBE & ETBE, Methyl & Ethyl Tertiary Butyl Ether",15,UN 3295,"Benzene Heart Cut, BHC, HCB",24,,
12,UN 2398 & 1149,"MTBE & ETBE, Methyl & Ethyl Tertiary Butyl Ether",16,UN 1268,Natural Gas Condensate (crude feedstock),24,,
12,UN 2398 & 1149,"MTBE & ETBE, Methyl & Ethyl Tertiary Butyl Ether",17,UN 3295,"PyGas, Pygas-tail, Pyrolysis Gasoline",23,,
12,UN 2398 & 1149,"MTBE & ETBE, Methyl & Ethyl Tertiary Butyl Ether",18,UN 3295,"Cat Cracked Gasoline. LCCG, FRCCG",2,,
12,UN 2398 & 1149,"MTBE & ETBE, Methyl & Ethyl Tertiary Butyl Ether",19,UN 3295,"Platformate, Reformate - Mogas or Chem",23,,
12,UN 2398 & 1149,"MTBE & ETBE, Methyl & Ethyl Tertiary Butyl Ether",20,UN 1268,"Naphtha, Naphtha platfeed",24,,
12,UN 2398 & 1149,"MTBE & ETBE, Methyl & Ethyl Tertiary Butyl Ether",21,UN 3295,"Isomerate, Gasoline component",2,,
12,UN 2398 & 1149,"MTBE & ETBE, Methyl & Ethyl Tertiary Butyl Ether",22,UN 3295,"Alkylate, Gasoline component",2,,
12,UN 2398 & 1149,"MTBE & ETBE, Methyl & Ethyl Tertiary Butyl Ether",23,No UN Number,"FAME, Fatty Acid Methyl Esters",10,,
12,UN 2398 & 1149,"MTBE & ETBE, Methyl & Ethyl Tertiary Butyl Ether",24,UN 1170,"Ethanol, 100% EtOH, Ethyl Alcohol",23,,
12,UN 2398 & 1149,"MTBE & ETBE, Methyl & Ethyl Tertiary Butyl Ether",25,UN 1202,"Cycle Oil, Gas Oil & Cutter Stock",10,,
12,UN 2398 & 1149,"MTBE & ETBE, Methyl & Ethyl Tertiary Butyl Ether",26,No UN Number,"Vegetable Oils, MO, RO, PO, TO",21,,
12,UN 2398 & 1149,"MTBE & ETBE, Methyl & Ethyl Tertiary Butyl Ether",27,UN 1202,Lube Base Oil ((not a finished Lubricant),21,,
12,UN 2398 & 1149,"MTBE & ETBE, Methyl & Ethyl Tertiary Butyl Ether",28,Various,"Black Oil's inc: Crude Oil, Fuel Oil, Dirty Condensate, Waxy Dist',",21,,
13,UN 1307,"Xylene, Xylenes-C8",1,UN1202,"AD10 - 10ppm Diesel fuel, ADO, AGO",2,,
13,UN 1307,"Xylene, Xylenes-C8",2,UN 1202,"ULSD - 50ppm Diesel fuel, ADO, AGO",2,,
13,UN 1307,"Xylene, Xylenes-C8",3,UN 1202,"Detergent Addivated, 10ppm Diesel fuel, V-Power Diesel",2,,
13,UN 1307,"Xylene, Xylenes-C8",4,UN 1223 & 1202,"GTL Kero & Diesel, Synthetic Distillate",2,,
13,UN 1307,"Xylene, Xylenes-C8",5,UN 1202,"Gas Oil 2000 ppm, Gasoil dyed, IGO, GOCI",2,,
13,UN 1307,"Xylene, Xylenes-C8",6,UN 1202,"2000 ppm Gasoil undyed, IGO, GOCI",2,,
13,UN 1307,"Xylene, Xylenes-C8",7,UN 1203,"10 ppm Gasoline,PU10, SU10, ULG",2,,
13,UN 1307,"Xylene, Xylenes-C8",8,UN 1203,"50 ppm Gasoline, PU50, SU50, ULG",2,,
13,UN 1307,"Xylene, Xylenes-C8",9,UN 1223,"Kerosene, Class C2 Burning Oil",2,,
13,UN 1307,"Xylene, Xylenes-C8",10,UN 1223 & 1863,"Jet A1, AVTUR, Aviation Fuel",2,,
13,UN 1307,"Xylene, Xylenes-C8",11,UN 1203,"AVGAS, 100LL, Aviation Fuel",2,,
13,UN 1307,"Xylene, Xylenes-C8",12,UN 2398 & 1149,"MTBE & ETBE, Methyl & Ethyl Tertiary Butyl Ether",2,,
13,UN 1307,"Xylene, Xylenes-C8",13,UN 1307,"Xylene, Xylenes-C8",1,,
13,UN 1307,"Xylene, Xylenes-C8",14,UN 1294,Toluene,2,,
13,UN 1307,"Xylene, Xylenes-C8",15,UN 3295,"Benzene Heart Cut, BHC, HCB",2,,
13,UN 1307,"Xylene, Xylenes-C8",16,UN 1268,Natural Gas Condensate (crude feedstock),2,,
13,UN 1307,"Xylene, Xylenes-C8",17,UN 3295,"PyGas, Pygas-tail, Pyrolysis Gasoline",2,,
13,UN 1307,"Xylene, Xylenes-C8",18,UN 3295,"Cat Cracked Gasoline. LCCG, FRCCG",2,,
13,UN 1307,"Xylene, Xylenes-C8",19,UN 3295,"Platformate, Reformate - Mogas or Chem",2,,
13,UN 1307,"Xylene, Xylenes-C8",20,UN 1268,"Naphtha, Naphtha platfeed",2,,
13,UN 1307,"Xylene, Xylenes-C8",21,UN 3295,"Isomerate, Gasoline component",2,,
13,UN 1307,"Xylene, Xylenes-C8",22,UN 3295,"Alkylate, Gasoline component",2,,
13,UN 1307,"Xylene, Xylenes-C8",23,No UN Number,"FAME, Fatty Acid Methyl Esters",2,,
13,UN 1307,"Xylene, Xylenes-C8",24,UN 1170,"Ethanol, 100% EtOH, Ethyl Alcohol",8,,
13,UN 1307,"Xylene, Xylenes-C8",25,UN 1202,"Cycle Oil, Gas Oil & Cutter Stock",2,,
13,UN 1307,"Xylene, Xylenes-C8",26,No UN Number,"Vegetable Oils, MO, RO, PO, TO",21,,
13,UN 1307,"Xylene, Xylenes-C8",27,UN 1202,Lube Base Oil ((not a finished Lubricant),21,,
13,UN 1307,"Xylene, Xylenes-C8",28,Various,"Black Oil's inc: Crude Oil, Fuel Oil, Dirty Condensate, Waxy Dist',",21,,
14,UN 1294,Toluene,1,UN1202,"AD10 - 10ppm Diesel fuel, ADO, AGO",2,,
14,UN 1294,Toluene,2,UN 1202,"ULSD - 50ppm Diesel fuel, ADO, AGO",2,,
14,UN 1294,Toluene,3,UN 1202,"Detergent Addivated, 10ppm Diesel fuel, V-Power Diesel",2,,
14,UN 1294,Toluene,4,UN 1223 & 1202,"GTL Kero & Diesel, Synthetic Distillate",2,,
14,UN 1294,Toluene,5,UN 1202,"Gas Oil 2000 ppm, Gasoil dyed, IGO, GOCI",2,,
14,UN 1294,Toluene,6,UN 1202,"2000 ppm Gasoil undyed, IGO, GOCI",2,,
14,UN 1294,Toluene,7,UN 1203,"10 ppm Gasoline,PU10, SU10, ULG",2,,
14,UN 1294,Toluene,8,UN 1203,"50 ppm Gasoline, PU50, SU50, ULG",2,,
14,UN 1294,Toluene,9,UN 1223,"Kerosene, Class C2 Burning Oil",2,,
14,UN 1294,Toluene,10,UN 1223 & 1863,"Jet A1, AVTUR, Aviation Fuel",2,,
14,UN 1294,Toluene,11,UN 1203,"AVGAS, 100LL, Aviation Fuel",2,,
14,UN 1294,Toluene,12,UN 2398 & 1149,"MTBE & ETBE, Methyl & Ethyl Tertiary Butyl Ether",2,,
14,UN 1294,Toluene,13,UN 1307,"Xylene, Xylenes-C8",2,,
14,UN 1294,Toluene,14,UN 1294,Toluene,1,,
14,UN 1294,Toluene,15,UN 3295,"Benzene Heart Cut, BHC, HCB",2,,
14,UN 1294,Toluene,16,UN 1268,Natural Gas Condensate (crude feedstock),2,,
14,UN 1294,Toluene,17,UN 3295,"PyGas, Pygas-tail, Pyrolysis Gasoline",2,,
14,UN 1294,Toluene,18,UN 3295,"Cat Cracked Gasoline. LCCG, FRCCG",2,,
14,UN 1294,Toluene,19,UN 3295,"Platformate, Reformate - Mogas or Chem",2,,
14,UN 1294,Toluene,20,UN 1268,"Naphtha, Naphtha platfeed",2,,
14,UN 1294,Toluene,21,UN 3295,"Isomerate, Gasoline component",2,,
14,UN 1294,Toluene,22,UN 3295,"Alkylate, Gasoline component",2,,
14,UN 1294,Toluene,23,No UN Number,"FAME, Fatty Acid Methyl Esters",2,,
14,UN 1294,Toluene,24,UN 1170,"Ethanol, 100% EtOH, Ethyl Alcohol",8,,
14,UN 1294,Toluene,25,UN 1202,"Cycle Oil, Gas Oil & Cutter Stock",2,,
14,UN 1294,Toluene,26,No UN Number,"Vegetable Oils, MO, RO, PO, TO",21,,
14,UN 1294,Toluene,27,UN 1202,Lube Base Oil ((not a finished Lubricant),21,,
14,UN 1294,Toluene,28,Various,"Black Oil's inc: Crude Oil, Fuel Oil, Dirty Condensate, Waxy Dist',",21,,
15,UN 3295,"Benzene Heart Cut, BHC, HCB",1,UN1202,"AD10 - 10ppm Diesel fuel, ADO, AGO",4,,
15,UN 3295,"Benzene Heart Cut, BHC, HCB",2,UN 1202,"ULSD - 50ppm Diesel fuel, ADO, AGO",4,,
15,UN 3295,"Benzene Heart Cut, BHC, HCB",3,UN 1202,"Detergent Addivated, 10ppm Diesel fuel, V-Power Diesel",4,,
15,UN 3295,"Benzene Heart Cut, BHC, HCB",4,UN 1223 & 1202,"GTL Kero & Diesel, Synthetic Distillate",4,,
15,UN 3295,"Benzene Heart Cut, BHC, HCB",5,UN 1202,"Gas Oil 2000 ppm, Gasoil dyed, IGO, GOCI",10,,
15,UN 3295,"Benzene Heart Cut, BHC, HCB",6,UN 1202,"2000 ppm Gasoil undyed, IGO, GOCI",10,,
15,UN 3295,"Benzene Heart Cut, BHC, HCB",7,UN 1203,"10 ppm Gasoline,PU10, SU10, ULG",2,,
15,UN 3295,"Benzene Heart Cut, BHC, HCB",8,UN 1203,"50 ppm Gasoline, PU50, SU50, ULG",2,,
15,UN 3295,"Benzene Heart Cut, BHC, HCB",9,UN 1223,"Kerosene, Class C2 Burning Oil",10,,
15,UN 3295,"Benzene Heart Cut, BHC, HCB",10,UN 1223 & 1863,"Jet A1, AVTUR, Aviation Fuel",4,,
15,UN 3295,"Benzene Heart Cut, BHC, HCB",11,UN 1203,"AVGAS, 100LL, Aviation Fuel",4,,
15,UN 3295,"Benzene Heart Cut, BHC, HCB",12,UN 2398 & 1149,"MTBE & ETBE, Methyl & Ethyl Tertiary Butyl Ether",8,,
15,UN 3295,"Benzene Heart Cut, BHC, HCB",13,UN 1307,"Xylene, Xylenes-C8",8,,
15,UN 3295,"Benzene Heart Cut, BHC, HCB",14,UN 1294,Toluene,8,,
15,UN 3295,"Benzene Heart Cut, BHC, HCB",15,UN 3295,"Benzene Heart Cut, BHC, HCB",1,,
15,UN 3295,"Benzene Heart Cut, BHC, HCB",16,UN 1268,Natural Gas Condensate (crude feedstock),2,,
15,UN 3295,"Benzene Heart Cut, BHC, HCB",17,UN 3295,"PyGas, Pygas-tail, Pyrolysis Gasoline",2,,
15,UN 3295,"Benzene Heart Cut, BHC, HCB",18,UN 3295,"Cat Cracked Gasoline. LCCG, FRCCG",2,,
15,UN 3295,"Benzene Heart Cut, BHC, HCB",19,UN 3295,"Platformate, Reformate - Mogas or Chem",2,,
15,UN 3295,"Benzene Heart Cut, BHC, HCB",20,UN 1268,"Naphtha, Naphtha platfeed",2,,
15,UN 3295,"Benzene Heart Cut, BHC, HCB",21,UN 3295,"Isomerate, Gasoline component",2,,
15,UN 3295,"Benzene Heart Cut, BHC, HCB",22,UN 3295,"Alkylate, Gasoline component",2,,
15,UN 3295,"Benzene Heart Cut, BHC, HCB",23,No UN Number,"FAME, Fatty Acid Methyl Esters",10,,
15,UN 3295,"Benzene Heart Cut, BHC, HCB",24,UN 1170,"Ethanol, 100% EtOH, Ethyl Alcohol",8,,
15,UN 3295,"Benzene Heart Cut, BHC, HCB",25,UN 1202,"Cycle Oil, Gas Oil & Cutter Stock",10,,
15,UN 3295,"Benzene Heart Cut, BHC, HCB",26,No UN Number,"Vegetable Oils, MO, RO, PO, TO",21,,
15,UN 3295,"Benzene Heart Cut, BHC, HCB",27,UN 1202,Lube Base Oil ((not a finished Lubricant),21,,
15,UN 3295,"Benzene Heart Cut, BHC, HCB",28,Various,"Black Oil's inc: Crude Oil, Fuel Oil, Dirty Condensate, Waxy Dist',",21,,
16,UN 1268,Natural Gas Condensate (crude feedstock),1,UN1202,"AD10 - 10ppm Diesel fuel, ADO, AGO",6,,
16,UN 1268,Natural Gas Condensate (crude feedstock),2,UN 1202,"ULSD - 50ppm Diesel fuel, ADO, AGO",6,,
16,UN 1268,Natural Gas Condensate (crude feedstock),3,UN 1202,"Detergent Addivated, 10ppm Diesel fuel, V-Power Diesel",6,,
16,UN 1268,Natural Gas Condensate (crude feedstock),4,UN 1223 & 1202,"GTL Kero & Diesel, Synthetic Distillate",6,,
16,UN 1268,Natural Gas Condensate (crude feedstock),5,UN 1202,"Gas Oil 2000 ppm, Gasoil dyed, IGO, GOCI",5,,
16,UN 1268,Natural Gas Condensate (crude feedstock),6,UN 1202,"2000 ppm Gasoil undyed, IGO, GOCI",5,,
16,UN 1268,Natural Gas Condensate (crude feedstock),7,UN 1203,"10 ppm Gasoline,PU10, SU10, ULG",5,,
16,UN 1268,Natural Gas Condensate (crude feedstock),8,UN 1203,"50 ppm Gasoline, PU50, SU50, ULG",5,,
16,UN 1268,Natural Gas Condensate (crude feedstock),9,UN 1223,"Kerosene, Class C2 Burning Oil",5,,
16,UN 1268,Natural Gas Condensate (crude feedstock),10,UN 1223 & 1863,"Jet A1, AVTUR, Aviation Fuel",18,,
16,UN 1268,Natural Gas Condensate (crude feedstock),11,UN 1203,"AVGAS, 100LL, Aviation Fuel",18,,
16,UN 1268,Natural Gas Condensate (crude feedstock),12,UN 2398 & 1149,"MTBE & ETBE, Methyl & Ethyl Tertiary Butyl Ether",12,,
16,UN 1268,Natural Gas Condensate (crude feedstock),13,UN 1307,"Xylene, Xylenes-C8",12,,
16,UN 1268,Natural Gas Condensate (crude feedstock),14,UN 1294,Toluene,12,,
16,UN 1268,Natural Gas Condensate (crude feedstock),15,UN 3295,"Benzene Heart Cut, BHC, HCB",5,,
16,UN 1268,Natural Gas Condensate (crude feedstock),16,UN 1268,Natural Gas Condensate (crude feedstock),1,,
16,UN 1268,Natural Gas Condensate (crude feedstock),17,UN 3295,"PyGas, Pygas-tail, Pyrolysis Gasoline",5,,
16,UN 1268,Natural Gas Condensate (crude feedstock),18,UN 3295,"Cat Cracked Gasoline. LCCG, FRCCG",5,,
16,UN 1268,Natural Gas Condensate (crude feedstock),19,UN 3295,"Platformate, Reformate - Mogas or Chem",25,,
16,UN 1268,Natural Gas Condensate (crude feedstock),20,UN 1268,"Naphtha, Naphtha platfeed",5,,
16,UN 1268,Natural Gas Condensate (crude feedstock),21,UN 3295,"Isomerate, Gasoline component",5,,
16,UN 1268,Natural Gas Condensate (crude feedstock),22,UN 3295,"Alkylate, Gasoline component",5,,
16,UN 1268,Natural Gas Condensate (crude feedstock),23,No UN Number,"FAME, Fatty Acid Methyl Esters",5,,
16,UN 1268,Natural Gas Condensate (crude feedstock),24,UN 1170,"Ethanol, 100% EtOH, Ethyl Alcohol",12,,
16,UN 1268,Natural Gas Condensate (crude feedstock),25,UN 1202,"Cycle Oil, Gas Oil & Cutter Stock",5,,
16,UN 1268,Natural Gas Condensate (crude feedstock),26,No UN Number,"Vegetable Oils, MO, RO, PO, TO",21,,
16,UN 1268,Natural Gas Condensate (crude feedstock),27,UN 1202,Lube Base Oil ((not a finished Lubricant),21,,
16,UN 1268,Natural Gas Condensate (crude feedstock),28,Various,"Black Oil's inc: Crude Oil, Fuel Oil, Dirty Condensate, Waxy Dist',",21,,
17,UN 3295,"PyGas, Pygas-tail, Pyrolysis Gasoline",1,UN1202,"AD10 - 10ppm Diesel fuel, ADO, AGO",4,,
17,UN 3295,"PyGas, Pygas-tail, Pyrolysis Gasoline",2,UN 1202,"ULSD - 50ppm Diesel fuel, ADO, AGO",4,,
17,UN 3295,"PyGas, Pygas-tail, Pyrolysis Gasoline",3,UN 1202,"Detergent Addivated, 10ppm Diesel fuel, V-Power Diesel",4,,
17,UN 3295,"PyGas, Pygas-tail, Pyrolysis Gasoline",4,UN 1223 & 1202,"GTL Kero & Diesel, Synthetic Distillate",4,,
17,UN 3295,"PyGas, Pygas-tail, Pyrolysis Gasoline",5,UN 1202,"Gas Oil 2000 ppm, Gasoil dyed, IGO, GOCI",10,,
17,UN 3295,"PyGas, Pygas-tail, Pyrolysis Gasoline",6,UN 1202,"2000 ppm Gasoil undyed, IGO, GOCI",10,,
17,UN 3295,"PyGas, Pygas-tail, Pyrolysis Gasoline",7,UN 1203,"10 ppm Gasoline,PU10, SU10, ULG",28,,
17,UN 3295,"PyGas, Pygas-tail, Pyrolysis Gasoline",8,UN 1203,"50 ppm Gasoline, PU50, SU50, ULG",2,,
17,UN 3295,"PyGas, Pygas-tail, Pyrolysis Gasoline",9,UN 1223,"Kerosene, Class C2 Burning Oil",11,,
17,UN 3295,"PyGas, Pygas-tail, Pyrolysis Gasoline",10,UN 1223 & 1863,"Jet A1, AVTUR, Aviation Fuel",4,,
17,UN 3295,"PyGas, Pygas-tail, Pyrolysis Gasoline",11,UN 1203,"AVGAS, 100LL, Aviation Fuel",4,,
17,UN 3295,"PyGas, Pygas-tail, Pyrolysis Gasoline",12,UN 2398 & 1149,"MTBE & ETBE, Methyl & Ethyl Tertiary Butyl Ether",8,,
17,UN 3295,"PyGas, Pygas-tail, Pyrolysis Gasoline",13,UN 1307,"Xylene, Xylenes-C8",8,,
17,UN 3295,"PyGas, Pygas-tail, Pyrolysis Gasoline",14,UN 1294,Toluene,8,,
17,UN 3295,"PyGas, Pygas-tail, Pyrolysis Gasoline",15,UN 3295,"Benzene Heart Cut, BHC, HCB",3,,
17,UN 3295,"PyGas, Pygas-tail, Pyrolysis Gasoline",16,UN 1268,Natural Gas Condensate (crude feedstock),2,,
17,UN 3295,"PyGas, Pygas-tail, Pyrolysis Gasoline",17,UN 3295,"PyGas, Pygas-tail, Pyrolysis Gasoline",1,,
17,UN 3295,"PyGas, Pygas-tail, Pyrolysis Gasoline",18,UN 3295,"Cat Cracked Gasoline. LCCG, FRCCG",2,,
17,UN 3295,"PyGas, Pygas-tail, Pyrolysis Gasoline",19,UN 3295,"Platformate, Reformate - Mogas or Chem",19,,
17,UN 3295,"PyGas, Pygas-tail, Pyrolysis Gasoline",20,UN 1268,"Naphtha, Naphtha platfeed",2,,
17,UN 3295,"PyGas, Pygas-tail, Pyrolysis Gasoline",21,UN 3295,"Isomerate, Gasoline component",2,,
17,UN 3295,"PyGas, Pygas-tail, Pyrolysis Gasoline",22,UN 3295,"Alkylate, Gasoline component",2,,
17,UN 3295,"PyGas, Pygas-tail, Pyrolysis Gasoline",23,No UN Number,"FAME, Fatty Acid Methyl Esters",10,,
17,UN 3295,"PyGas, Pygas-tail, Pyrolysis Gasoline",24,UN 1170,"Ethanol, 100% EtOH, Ethyl Alcohol",8,,
17,UN 3295,"PyGas, Pygas-tail, Pyrolysis Gasoline",25,UN 1202,"Cycle Oil, Gas Oil & Cutter Stock",10,,
17,UN 3295,"PyGas, Pygas-tail, Pyrolysis Gasoline",26,No UN Number,"Vegetable Oils, MO, RO, PO, TO",21,,
17,UN 3295,"PyGas, Pygas-tail, Pyrolysis Gasoline",27,UN 1202,Lube Base Oil ((not a finished Lubricant),21,,
17,UN 3295,"PyGas, Pygas-tail, Pyrolysis Gasoline",28,Various,"Black Oil's inc: Crude Oil, Fuel Oil, Dirty Condensate, Waxy Dist',",21,,
18,UN 3295,"Cat Cracked Gasoline. LCCG, FRCCG",1,UN1202,"AD10 - 10ppm Diesel fuel, ADO, AGO",4,,
18,UN 3295,"Cat Cracked Gasoline. LCCG, FRCCG",2,UN 1202,"ULSD - 50ppm Diesel fuel, ADO, AGO",4,,
18,UN 3295,"Cat Cracked Gasoline. LCCG, FRCCG",3,UN 1202,"Detergent Addivated, 10ppm Diesel fuel, V-Power Diesel",4,,
18,UN 3295,"Cat Cracked Gasoline. LCCG, FRCCG",4,UN 1223 & 1202,"GTL Kero & Diesel, Synthetic Distillate",4,,
18,UN 3295,"Cat Cracked Gasoline. LCCG, FRCCG",5,UN 1202,"Gas Oil 2000 ppm, Gasoil dyed, IGO, GOCI",10,,
18,UN 3295,"Cat Cracked Gasoline. LCCG, FRCCG",6,UN 1202,"2000 ppm Gasoil undyed, IGO, GOCI",10,,
18,UN 3295,"Cat Cracked Gasoline. LCCG, FRCCG",7,UN 1203,"10 ppm Gasoline,PU10, SU10, ULG",28,,
18,UN 3295,"Cat Cracked Gasoline. LCCG, FRCCG",8,UN 1203,"50 ppm Gasoline, PU50, SU50, ULG",2,,
18,UN 3295,"Cat Cracked Gasoline. LCCG, FRCCG",9,UN 1223,"Kerosene, Class C2 Burning Oil",10,,
18,UN 3295,"Cat Cracked Gasoline. LCCG, FRCCG",10,UN 1223 & 1863,"Jet A1, AVTUR, Aviation Fuel",4,,
18,UN 3295,"Cat Cracked Gasoline. LCCG, FRCCG",11,UN 1203,"AVGAS, 100LL, Aviation Fuel",2,,
18,UN 3295,"Cat Cracked Gasoline. LCCG, FRCCG",12,UN 2398 & 1149,"MTBE & ETBE, Methyl & Ethyl Tertiary Butyl Ether",8,,
18,UN 3295,"Cat Cracked Gasoline. LCCG, FRCCG",13,UN 1307,"Xylene, Xylenes-C8",8,,
18,UN 3295,"Cat Cracked Gasoline. LCCG, FRCCG",14,UN 1294,Toluene,8,,
18,UN 3295,"Cat Cracked Gasoline. LCCG, FRCCG",15,UN 3295,"Benzene Heart Cut, BHC, HCB",2,,
18,UN 3295,"Cat Cracked Gasoline. LCCG, FRCCG",16,UN 1268,Natural Gas Condensate (crude feedstock),2,,
18,UN 3295,"Cat Cracked Gasoline. LCCG, FRCCG",17,UN 3295,"PyGas, Pygas-tail, Pyrolysis Gasoline",2,,
18,UN 3295,"Cat Cracked Gasoline. LCCG, FRCCG",18,UN 3295,"Cat Cracked Gasoline. LCCG, FRCCG",1,,
18,UN 3295,"Cat Cracked Gasoline. LCCG, FRCCG",19,UN 3295,"Platformate, Reformate - Mogas or Chem",19,,
18,UN 3295,"Cat Cracked Gasoline. LCCG, FRCCG",20,UN 1268,"Naphtha, Naphtha platfeed",2,,
18,UN 3295,"Cat Cracked Gasoline. LCCG, FRCCG",21,UN 3295,"Isomerate, Gasoline component",2,,
18,UN 3295,"Cat Cracked Gasoline. LCCG, FRCCG",22,UN 3295,"Alkylate, Gasoline component",2,,
18,UN 3295,"Cat Cracked Gasoline. LCCG, FRCCG",23,No UN Number,"FAME, Fatty Acid Methyl Esters",10,,
18,UN 3295,"Cat Cracked Gasoline. LCCG, FRCCG",24,UN 1170,"Ethanol, 100% EtOH, Ethyl Alcohol",8,,
18,UN 3295,"Cat Cracked Gasoline. LCCG, FRCCG",25,UN 1202,"Cycle Oil, Gas Oil & Cutter Stock",10,,
18,UN 3295,"Cat Cracked Gasoline. LCCG, FRCCG",26,No UN Number,"Vegetable Oils, MO, RO, PO, TO",21,,
18,UN 3295,"Cat Cracked Gasoline. LCCG, FRCCG",27,UN 1202,Lube Base Oil ((not a finished Lubricant),21,,
18,UN 3295,"Cat Cracked Gasoline. LCCG, FRCCG",28,Various,"Black Oil's inc: Crude Oil, Fuel Oil, Dirty Condensate, Waxy Dist',",21,,
19,UN 3295,"Platformate, Reformate - Mogas or Chem",1,UN1202,"AD10 - 10ppm Diesel fuel, ADO, AGO",4,,
19,UN 3295,"Platformate, Reformate - Mogas or Chem",2,UN 1202,"ULSD - 50ppm Diesel fuel, ADO, AGO",4,,
19,UN 3295,"Platformate, Reformate - Mogas or Chem",3,UN 1202,"Detergent Addivated, 10ppm Diesel fuel, V-Power Diesel",4,,
19,UN 3295,"Platformate, Reformate - Mogas or Chem",4,UN 1223 & 1202,"GTL Kero & Diesel, Synthetic Distillate",4,,
19,UN 3295,"Platformate, Reformate - Mogas or Chem",5,UN 1202,"Gas Oil 2000 ppm, Gasoil dyed, IGO, GOCI",10,,
19,UN 3295,"Platformate, Reformate - Mogas or Chem",6,UN 1202,"2000 ppm Gasoil undyed, IGO, GOCI",10,,
19,UN 3295,"Platformate, Reformate - Mogas or Chem",7,UN 1203,"10 ppm Gasoline,PU10, SU10, ULG",2,,
19,UN 3295,"Platformate, Reformate - Mogas or Chem",8,UN 1203,"50 ppm Gasoline, PU50, SU50, ULG",2,,
19,UN 3295,"Platformate, Reformate - Mogas or Chem",9,UN 1223,"Kerosene, Class C2 Burning Oil",10,,
19,UN 3295,"Platformate, Reformate - Mogas or Chem",10,UN 1223 & 1863,"Jet A1, AVTUR, Aviation Fuel",4,,
19,UN 3295,"Platformate, Reformate - Mogas or Chem",11,UN 1203,"AVGAS, 100LL, Aviation Fuel",2,,
19,UN 3295,"Platformate, Reformate - Mogas or Chem",12,UN 2398 & 1149,"MTBE & ETBE, Methyl & Ethyl Tertiary Butyl Ether",8,,
19,UN 3295,"Platformate, Reformate - Mogas or Chem",13,UN 1307,"Xylene, Xylenes-C8",8,,
19,UN 3295,"Platformate, Reformate - Mogas or Chem",14,UN 1294,Toluene,8,,
19,UN 3295,"Platformate, Reformate - Mogas or Chem",15,UN 3295,"Benzene Heart Cut, BHC, HCB",2,,
19,UN 3295,"Platformate, Reformate - Mogas or Chem",16,UN 1268,Natural Gas Condensate (crude feedstock),2,,
19,UN 3295,"Platformate, Reformate - Mogas or Chem",17,UN 3295,"PyGas, Pygas-tail, Pyrolysis Gasoline",2,,
19,UN 3295,"Platformate, Reformate - Mogas or Chem",18,UN 3295,"Cat Cracked Gasoline. LCCG, FRCCG",2,,
19,UN 3295,"Platformate, Reformate - Mogas or Chem",19,UN 3295,"Platformate, Reformate - Mogas or Chem",1,,
19,UN 3295,"Platformate, Reformate - Mogas or Chem",20,UN 1268,"Naphtha, Naphtha platfeed",2,,
19,UN 3295,"Platformate, Reformate - Mogas or Chem",21,UN 3295,"Isomerate, Gasoline component",2,,
19,UN 3295,"Platformate, Reformate - Mogas or Chem",22,UN 3295,"Alkylate, Gasoline component",2,,
19,UN 3295,"Platformate, Reformate - Mogas or Chem",23,No UN Number,"FAME, Fatty Acid Methyl Esters",10,,
19,UN 3295,"Platformate, Reformate - Mogas or Chem",24,UN 1170,"Ethanol, 100% EtOH, Ethyl Alcohol",8,,
19,UN 3295,"Platformate, Reformate - Mogas or Chem",25,UN 1202,"Cycle Oil, Gas Oil & Cutter Stock",10,,
19,UN 3295,"Platformate, Reformate - Mogas or Chem",26,No UN Number,"Vegetable Oils, MO, RO, PO, TO",21,,
19,UN 3295,"Platformate, Reformate - Mogas or Chem",27,UN 1202,Lube Base Oil ((not a finished Lubricant),21,,
19,UN 3295,"Platformate, Reformate - Mogas or Chem",28,Various,"Black Oil's inc: Crude Oil, Fuel Oil, Dirty Condensate, Waxy Dist',",21,,
20,UN 1268,"Naphtha, Naphtha platfeed",1,UN1202,"AD10 - 10ppm Diesel fuel, ADO, AGO",4,,
20,UN 1268,"Naphtha, Naphtha platfeed",2,UN 1202,"ULSD - 50ppm Diesel fuel, ADO, AGO",4,,
20,UN 1268,"Naphtha, Naphtha platfeed",3,UN 1202,"Detergent Addivated, 10ppm Diesel fuel, V-Power Diesel",4,,
20,UN 1268,"Naphtha, Naphtha platfeed",4,UN 1223 & 1202,"GTL Kero & Diesel, Synthetic Distillate",4,,
20,UN 1268,"Naphtha, Naphtha platfeed",5,UN 1202,"Gas Oil 2000 ppm, Gasoil dyed, IGO, GOCI",10,,
20,UN 1268,"Naphtha, Naphtha platfeed",6,UN 1202,"2000 ppm Gasoil undyed, IGO, GOCI",10,,
20,UN 1268,"Naphtha, Naphtha platfeed",7,UN 1203,"10 ppm Gasoline,PU10, SU10, ULG",2,,
20,UN 1268,"Naphtha, Naphtha platfeed",8,UN 1203,"50 ppm Gasoline, PU50, SU50, ULG",2,,
20,UN 1268,"Naphtha, Naphtha platfeed",9,UN 1223,"Kerosene, Class C2 Burning Oil",10,,
20,UN 1268,"Naphtha, Naphtha platfeed",10,UN 1223 & 1863,"Jet A1, AVTUR, Aviation Fuel",4,,
20,UN 1268,"Naphtha, Naphtha platfeed",11,UN 1203,"AVGAS, 100LL, Aviation Fuel",2,,
20,UN 1268,"Naphtha, Naphtha platfeed",12,UN 2398 & 1149,"MTBE & ETBE, Methyl & Ethyl Tertiary Butyl Ether",8,,
20,UN 1268,"Naphtha, Naphtha platfeed",13,UN 1307,"Xylene, Xylenes-C8",8,,
20,UN 1268,"Naphtha, Naphtha platfeed",14,UN 1294,Toluene,8,,
20,UN 1268,"Naphtha, Naphtha platfeed",15,UN 3295,"Benzene Heart Cut, BHC, HCB",2,,
20,UN 1268,"Naphtha, Naphtha platfeed",16,UN 1268,Natural Gas Condensate (crude feedstock),2,,
20,UN 1268,"Naphtha, Naphtha platfeed",17,UN 3295,"PyGas, Pygas-tail, Pyrolysis Gasoline",2,,
20,UN 1268,"Naphtha, Naphtha platfeed",18,UN 3295,"Cat Cracked Gasoline. LCCG, FRCCG",2,,
20,UN 1268,"Naphtha, Naphtha platfeed",19,UN 3295,"Platformate, Reformate - Mogas or Chem",19,,
20,UN 1268,"Naphtha, Naphtha platfeed",20,UN 1268,"Naphtha, Naphtha platfeed",1,,
20,UN 1268,"Naphtha, Naphtha platfeed",21,UN 3295,"Isomerate, Gasoline component",2,,
20,UN 1268,"Naphtha, Naphtha platfeed",22,UN 3295,"Alkylate, Gasoline component",2,,
20,UN 1268,"Naphtha, Naphtha platfeed",23,No UN Number,"FAME, Fatty Acid Methyl Esters",10,,
20,UN 1268,"Naphtha, Naphtha platfeed",24,UN 1170,"Ethanol, 100% EtOH, Ethyl Alcohol",8,,
20,UN 1268,"Naphtha, Naphtha platfeed",25,UN 1202,"Cycle Oil, Gas Oil & Cutter Stock",10,,
20,UN 1268,"Naphtha, Naphtha platfeed",26,No UN Number,"Vegetable Oils, MO, RO, PO, TO",21,,
20,UN 1268,"Naphtha, Naphtha platfeed",27,UN 1202,Lube Base Oil ((not a finished Lubricant),21,,
20,UN 1268,"Naphtha, Naphtha platfeed",28,Various,"Black Oil's inc: Crude Oil, Fuel Oil, Dirty Condensate, Waxy Dist',",21,,
21,UN 3295,"Isomerate, Gasoline component",1,UN1202,"AD10 - 10ppm Diesel fuel, ADO, AGO",4,,
21,UN 3295,"Isomerate, Gasoline component",2,UN 1202,"ULSD - 50ppm Diesel fuel, ADO, AGO",4,,
21,UN 3295,"Isomerate, Gasoline component",3,UN 1202,"Detergent Addivated, 10ppm Diesel fuel, V-Power Diesel",4,,
21,UN 3295,"Isomerate, Gasoline component",4,UN 1223 & 1202,"GTL Kero & Diesel, Synthetic Distillate",4,,
21,UN 3295,"Isomerate, Gasoline component",5,UN 1202,"Gas Oil 2000 ppm, Gasoil dyed, IGO, GOCI",10,,
21,UN 3295,"Isomerate, Gasoline component",6,UN 1202,"2000 ppm Gasoil undyed, IGO, GOCI",10,,
21,UN 3295,"Isomerate, Gasoline component",7,UN 1203,"10 ppm Gasoline,PU10, SU10, ULG",2,,
21,UN 3295,"Isomerate, Gasoline component",8,UN 1203,"50 ppm Gasoline, PU50, SU50, ULG",2,,
21,UN 3295,"Isomerate, Gasoline component",9,UN 1223,"Kerosene, Class C2 Burning Oil",10,,
21,UN 3295,"Isomerate, Gasoline component",10,UN 1223 & 1863,"Jet A1, AVTUR, Aviation Fuel",4,,
21,UN 3295,"Isomerate, Gasoline component",11,UN 1203,"AVGAS, 100LL, Aviation Fuel",2,,
21,UN 3295,"Isomerate, Gasoline component",12,UN 2398 & 1149,"MTBE & ETBE, Methyl & Ethyl Tertiary Butyl Ether",8,,
21,UN 3295,"Isomerate, Gasoline component",13,UN 1307,"Xylene, Xylenes-C8",8,,
21,UN 3295,"Isomerate, Gasoline component",14,UN 1294,Toluene,8,,
21,UN 3295,"Isomerate, Gasoline component",15,UN 3295,"Benzene Heart Cut, BHC, HCB",2,,
21,UN 3295,"Isomerate, Gasoline component",16,UN 1268,Natural Gas Condensate (crude feedstock),2,,
21,UN 3295,"Isomerate, Gasoline component",17,UN 3295,"PyGas, Pygas-tail, Pyrolysis Gasoline",2,,
21,UN 3295,"Isomerate, Gasoline component",18,UN 3295,"Cat Cracked Gasoline. LCCG, FRCCG",2,,
21,UN 3295,"Isomerate, Gasoline component",19,UN 3295,"Platformate, Reformate - Mogas or Chem",2,,
21,UN 3295,"Isomerate, Gasoline component",20,UN 1268,"Naphtha, Naphtha platfeed",2,,
21,UN 3295,"Isomerate, Gasoline component",21,UN 3295,"Isomerate, Gasoline component",1,,
21,UN 3295,"Isomerate, Gasoline component",22,UN 3295,"Alkylate, Gasoline component",2,,
21,UN 3295,"Isomerate, Gasoline component",23,No UN Number,"FAME, Fatty Acid Methyl Esters",10,,
21,UN 3295,"Isomerate, Gasoline component",24,UN 1170,"Ethanol, 100% EtOH, Ethyl Alcohol",8,,
21,UN 3295,"Isomerate, Gasoline component",25,UN 1202,"Cycle Oil, Gas Oil & Cutter Stock",10,,
21,UN 3295,"Isomerate, Gasoline component",26,No UN Number,"Vegetable Oils, MO, RO, PO, TO",21,,
21,UN 3295,"Isomerate, Gasoline component",27,UN 1202,Lube Base Oil ((not a finished Lubricant),21,,
21,UN 3295,"Isomerate, Gasoline component",28,Various,"Black Oil's inc: Crude Oil, Fuel Oil, Dirty Condensate, Waxy Dist',",21,,
22,UN 3295,"Alkylate, Gasoline component",1,UN1202,"AD10 - 10ppm Diesel fuel, ADO, AGO",4,,
22,UN 3295,"Alkylate, Gasoline component",2,UN 1202,"ULSD - 50ppm Diesel fuel, ADO, AGO",4,,
22,UN 3295,"Alkylate, Gasoline component",3,UN 1202,"Detergent Addivated, 10ppm Diesel fuel, V-Power Diesel",4,,
22,UN 3295,"Alkylate, Gasoline component",4,UN 1223 & 1202,"GTL Kero & Diesel, Synthetic Distillate",4,,
22,UN 3295,"Alkylate, Gasoline component",5,UN 1202,"Gas Oil 2000 ppm, Gasoil dyed, IGO, GOCI",10,,
22,UN 3295,"Alkylate, Gasoline component",6,UN 1202,"2000 ppm Gasoil undyed, IGO, GOCI",10,,
22,UN 3295,"Alkylate, Gasoline component",7,UN 1203,"10 ppm Gasoline,PU10, SU10, ULG",2,,
22,UN 3295,"Alkylate, Gasoline component",8,UN 1203,"50 ppm Gasoline, PU50, SU50, ULG",2,,
22,UN 3295,"Alkylate, Gasoline component",9,UN 1223,"Kerosene, Class C2 Burning Oil",10,,
22,UN 3295,"Alkylate, Gasoline component",10,UN 1223 & 1863,"Jet A1, AVTUR, Aviation Fuel",4,,
22,UN 3295,"Alkylate, Gasoline component",11,UN 1203,"AVGAS, 100LL, Aviation Fuel",2,,
22,UN 3295,"Alkylate, Gasoline component",12,UN 2398 & 1149,"MTBE & ETBE, Methyl & Ethyl Tertiary Butyl Ether",8,,
22,UN 3295,"Alkylate, Gasoline component",13,UN 1307,"Xylene, Xylenes-C8",8,,
22,UN 3295,"Alkylate, Gasoline component",14,UN 1294,Toluene,8,,
22,UN 3295,"Alkylate, Gasoline component",15,UN 3295,"Benzene Heart Cut, BHC, HCB",2,,
22,UN 3295,"Alkylate, Gasoline component",16,UN 1268,Natural Gas Condensate (crude feedstock),2,,
22,UN 3295,"Alkylate, Gasoline component",17,UN 3295,"PyGas, Pygas-tail, Pyrolysis Gasoline",2,,
22,UN 3295,"Alkylate, Gasoline component",18,UN 3295,"Cat Cracked Gasoline. LCCG, FRCCG",2,,
22,UN 3295,"Alkylate, Gasoline component",19,UN 3295,"Platformate, Reformate - Mogas or Chem",19,,
22,UN 3295,"Alkylate, Gasoline component",20,UN 1268,"Naphtha, Naphtha platfeed",2,,
22,UN 3295,"Alkylate, Gasoline component",21,UN 3295,"Isomerate, Gasoline component",2,,
22,UN 3295,"Alkylate, Gasoline component",22,UN 3295,"Alkylate, Gasoline component",1,,
22,UN 3295,"Alkylate, Gasoline component",23,No UN Number,"FAME, Fatty Acid Methyl Esters",10,,
22,UN 3295,"Alkylate, Gasoline component",24,UN 1170,"Ethanol, 100% EtOH, Ethyl Alcohol",8,,
22,UN 3295,"Alkylate, Gasoline component",25,UN 1202,"Cycle Oil, Gas Oil & Cutter Stock",10,,
22,UN 3295,"Alkylate, Gasoline component",26,No UN Number,"Vegetable Oils, MO, RO, PO, TO",21,,
22,UN 3295,"Alkylate, Gasoline component",27,UN 1202,Lube Base Oil ((not a finished Lubricant),21,,
22,UN 3295,"Alkylate, Gasoline component",28,Various,"Black Oil's inc: Crude Oil, Fuel Oil, Dirty Condensate, Waxy Dist',",21,,
23,No UN Number,"FAME, Fatty Acid Methyl Esters",1,UN1202,"AD10 - 10ppm Diesel fuel, ADO, AGO",2,,
23,No UN Number,"FAME, Fatty Acid Methyl Esters",2,UN 1202,"ULSD - 50ppm Diesel fuel, ADO, AGO",2,,
23,No UN Number,"FAME, Fatty Acid Methyl Esters",3,UN 1202,"Detergent Addivated, 10ppm Diesel fuel, V-Power Diesel",2,,
23,No UN Number,"FAME, Fatty Acid Methyl Esters",4,UN 1223 & 1202,"GTL Kero & Diesel, Synthetic Distillate",2,,
23,No UN Number,"FAME, Fatty Acid Methyl Esters",5,UN 1202,"Gas Oil 2000 ppm, Gasoil dyed, IGO, GOCI",2,,
23,No UN Number,"FAME, Fatty Acid Methyl Esters",6,UN 1202,"2000 ppm Gasoil undyed, IGO, GOCI",2,,
23,No UN Number,"FAME, Fatty Acid Methyl Esters",7,UN 1203,"10 ppm Gasoline,PU10, SU10, ULG",5,,
23,No UN Number,"FAME, Fatty Acid Methyl Esters",8,UN 1203,"50 ppm Gasoline, PU50, SU50, ULG",5,,
23,No UN Number,"FAME, Fatty Acid Methyl Esters",9,UN 1223,"Kerosene, Class C2 Burning Oil",5,,
23,No UN Number,"FAME, Fatty Acid Methyl Esters",10,UN 1223 & 1863,"Jet A1, AVTUR, Aviation Fuel",24,,
23,No UN Number,"FAME, Fatty Acid Methyl Esters",11,UN 1203,"AVGAS, 100LL, Aviation Fuel",24,,
23,No UN Number,"FAME, Fatty Acid Methyl Esters",12,UN 2398 & 1149,"MTBE & ETBE, Methyl & Ethyl Tertiary Butyl Ether",12,,
23,No UN Number,"FAME, Fatty Acid Methyl Esters",13,UN 1307,"Xylene, Xylenes-C8",25,,
23,No UN Number,"FAME, Fatty Acid Methyl Esters",14,UN 1294,Toluene,25,,
23,No UN Number,"FAME, Fatty Acid Methyl Esters",15,UN 3295,"Benzene Heart Cut, BHC, HCB",5,,
23,No UN Number,"FAME, Fatty Acid Methyl Esters",16,UN 1268,Natural Gas Condensate (crude feedstock),5,,
23,No UN Number,"FAME, Fatty Acid Methyl Esters",17,UN 3295,"PyGas, Pygas-tail, Pyrolysis Gasoline",5,,
23,No UN Number,"FAME, Fatty Acid Methyl Esters",18,UN 3295,"Cat Cracked Gasoline. LCCG, FRCCG",5,,
23,No UN Number,"FAME, Fatty Acid Methyl Esters",19,UN 3295,"Platformate, Reformate - Mogas or Chem",25,,
23,No UN Number,"FAME, Fatty Acid Methyl Esters",20,UN 1268,"Naphtha, Naphtha platfeed",5,,
23,No UN Number,"FAME, Fatty Acid Methyl Esters",21,UN 3295,"Isomerate, Gasoline component",5,,
23,No UN Number,"FAME, Fatty Acid Methyl Esters",22,UN 3295,"Alkylate, Gasoline component",5,,
23,No UN Number,"FAME, Fatty Acid Methyl Esters",23,No UN Number,"FAME, Fatty Acid Methyl Esters",1,,
23,No UN Number,"FAME, Fatty Acid Methyl Esters",24,UN 1170,"Ethanol, 100% EtOH, Ethyl Alcohol",6,,
23,No UN Number,"FAME, Fatty Acid Methyl Esters",25,UN 1202,"Cycle Oil, Gas Oil & Cutter Stock",2,,
23,No UN Number,"FAME, Fatty Acid Methyl Esters",26,No UN Number,"Vegetable Oils, MO, RO, PO, TO",21,,
23,No UN Number,"FAME, Fatty Acid Methyl Esters",27,UN 1202,Lube Base Oil ((not a finished Lubricant),21,,
23,No UN Number,"FAME, Fatty Acid Methyl Esters",28,Various,"Black Oil's inc: Crude Oil, Fuel Oil, Dirty Condensate, Waxy Dist',",21,,
24,UN 1170,"Ethanol, 100% EtOH, Ethyl Alcohol",1,UN1202,"AD10 - 10ppm Diesel fuel, ADO, AGO",2,,
24,UN 1170,"Ethanol, 100% EtOH, Ethyl Alcohol",2,UN 1202,"ULSD - 50ppm Diesel fuel, ADO, AGO",2,,
24,UN 1170,"Ethanol, 100% EtOH, Ethyl Alcohol",3,UN 1202,"Detergent Addivated, 10ppm Diesel fuel, V-Power Diesel",2,,
24,UN 1170,"Ethanol, 100% EtOH, Ethyl Alcohol",4,UN 1223 & 1202,"GTL Kero & Diesel, Synthetic Distillate",2,,
24,UN 1170,"Ethanol, 100% EtOH, Ethyl Alcohol",5,UN 1202,"Gas Oil 2000 ppm, Gasoil dyed, IGO, GOCI",2,,
24,UN 1170,"Ethanol, 100% EtOH, Ethyl Alcohol",6,UN 1202,"2000 ppm Gasoil undyed, IGO, GOCI",2,,
24,UN 1170,"Ethanol, 100% EtOH, Ethyl Alcohol",7,UN 1203,"10 ppm Gasoline,PU10, SU10, ULG",2,,
24,UN 1170,"Ethanol, 100% EtOH, Ethyl Alcohol",8,UN 1203,"50 ppm Gasoline, PU50, SU50, ULG",2,,
24,UN 1170,"Ethanol, 100% EtOH, Ethyl Alcohol",9,UN 1223,"Kerosene, Class C2 Burning Oil",2,,
24,UN 1170,"Ethanol, 100% EtOH, Ethyl Alcohol",10,UN 1223 & 1863,"Jet A1, AVTUR, Aviation Fuel",24,,
24,UN 1170,"Ethanol, 100% EtOH, Ethyl Alcohol",11,UN 1203,"AVGAS, 100LL, Aviation Fuel",24,,
24,UN 1170,"Ethanol, 100% EtOH, Ethyl Alcohol",12,UN 2398 & 1149,"MTBE & ETBE, Methyl & Ethyl Tertiary Butyl Ether",8,,
24,UN 1170,"Ethanol, 100% EtOH, Ethyl Alcohol",13,UN 1307,"Xylene, Xylenes-C8",23,,
24,UN 1170,"Ethanol, 100% EtOH, Ethyl Alcohol",14,UN 1294,Toluene,23,,
24,UN 1170,"Ethanol, 100% EtOH, Ethyl Alcohol",15,UN 3295,"Benzene Heart Cut, BHC, HCB",24,,
24,UN 1170,"Ethanol, 100% EtOH, Ethyl Alcohol",16,UN 1268,Natural Gas Condensate (crude feedstock),24,,
24,UN 1170,"Ethanol, 100% EtOH, Ethyl Alcohol",17,UN 3295,"PyGas, Pygas-tail, Pyrolysis Gasoline",2,,
24,UN 1170,"Ethanol, 100% EtOH, Ethyl Alcohol",18,UN 3295,"Cat Cracked Gasoline. LCCG, FRCCG",2,,
24,UN 1170,"Ethanol, 100% EtOH, Ethyl Alcohol",19,UN 3295,"Platformate, Reformate - Mogas or Chem",23,,
24,UN 1170,"Ethanol, 100% EtOH, Ethyl Alcohol",20,UN 1268,"Naphtha, Naphtha platfeed",24,,
24,UN 1170,"Ethanol, 100% EtOH, Ethyl Alcohol",21,UN 3295,"Isomerate, Gasoline component",2,,
24,UN 1170,"Ethanol, 100% EtOH, Ethyl Alcohol",22,UN 3295,"Alkylate, Gasoline component",2,,
24,UN 1170,"Ethanol, 100% EtOH, Ethyl Alcohol",23,No UN Number,"FAME, Fatty Acid Methyl Esters",2,,
24,UN 1170,"Ethanol, 100% EtOH, Ethyl Alcohol",24,UN 1170,"Ethanol, 100% EtOH, Ethyl Alcohol",1,,
24,UN 1170,"Ethanol, 100% EtOH, Ethyl Alcohol",25,UN 1202,"Cycle Oil, Gas Oil & Cutter Stock",30,,
24,UN 1170,"Ethanol, 100% EtOH, Ethyl Alcohol",26,No UN Number,"Vegetable Oils, MO, RO, PO, TO",21,,
24,UN 1170,"Ethanol, 100% EtOH, Ethyl Alcohol",27,UN 1202,Lube Base Oil ((not a finished Lubricant),21,,
24,UN 1170,"Ethanol, 100% EtOH, Ethyl Alcohol",28,Various,"Black Oil's inc: Crude Oil, Fuel Oil, Dirty Condensate, Waxy Dist',",21,,
25,UN 1202,"Cycle Oil, Gas Oil & Cutter Stock",1,UN1202,"AD10 - 10ppm Diesel fuel, ADO, AGO",6,,
25,UN 1202,"Cycle Oil, Gas Oil & Cutter Stock",2,UN 1202,"ULSD - 50ppm Diesel fuel, ADO, AGO",6,,
25,UN 1202,"Cycle Oil, Gas Oil & Cutter Stock",3,UN 1202,"Detergent Addivated, 10ppm Diesel fuel, V-Power Diesel",6,,
25,UN 1202,"Cycle Oil, Gas Oil & Cutter Stock",4,UN 1223 & 1202,"GTL Kero & Diesel, Synthetic Distillate",6,,
25,UN 1202,"Cycle Oil, Gas Oil & Cutter Stock",5,UN 1202,"Gas Oil 2000 ppm, Gasoil dyed, IGO, GOCI",5,,
25,UN 1202,"Cycle Oil, Gas Oil & Cutter Stock",6,UN 1202,"2000 ppm Gasoil undyed, IGO, GOCI",5,,
25,UN 1202,"Cycle Oil, Gas Oil & Cutter Stock",7,UN 1203,"10 ppm Gasoline,PU10, SU10, ULG",5,,
25,UN 1202,"Cycle Oil, Gas Oil & Cutter Stock",8,UN 1203,"50 ppm Gasoline, PU50, SU50, ULG",5,,
25,UN 1202,"Cycle Oil, Gas Oil & Cutter Stock",9,UN 1223,"Kerosene, Class C2 Burning Oil",5,,
25,UN 1202,"Cycle Oil, Gas Oil & Cutter Stock",10,UN 1223 & 1863,"Jet A1, AVTUR, Aviation Fuel",6,,
25,UN 1202,"Cycle Oil, Gas Oil & Cutter Stock",11,UN 1203,"AVGAS, 100LL, Aviation Fuel",6,,
25,UN 1202,"Cycle Oil, Gas Oil & Cutter Stock",12,UN 2398 & 1149,"MTBE & ETBE, Methyl & Ethyl Tertiary Butyl Ether",12,,
25,UN 1202,"Cycle Oil, Gas Oil & Cutter Stock",13,UN 1307,"Xylene, Xylenes-C8",12,,
25,UN 1202,"Cycle Oil, Gas Oil & Cutter Stock",14,UN 1294,Toluene,12,,
25,UN 1202,"Cycle Oil, Gas Oil & Cutter Stock",15,UN 3295,"Benzene Heart Cut, BHC, HCB",5,,
25,UN 1202,"Cycle Oil, Gas Oil & Cutter Stock",16,UN 1268,Natural Gas Condensate (crude feedstock),2,,
25,UN 1202,"Cycle Oil, Gas Oil & Cutter Stock",17,UN 3295,"PyGas, Pygas-tail, Pyrolysis Gasoline",5,,
25,UN 1202,"Cycle Oil, Gas Oil & Cutter Stock",18,UN 3295,"Cat Cracked Gasoline. LCCG, FRCCG",5,,
25,UN 1202,"Cycle Oil, Gas Oil & Cutter Stock",19,UN 3295,"Platformate, Reformate - Mogas or Chem",20,,
25,UN 1202,"Cycle Oil, Gas Oil & Cutter Stock",20,UN 1268,"Naphtha, Naphtha platfeed",5,,
25,UN 1202,"Cycle Oil, Gas Oil & Cutter Stock",21,UN 3295,"Isomerate, Gasoline component",5,,
25,UN 1202,"Cycle Oil, Gas Oil & Cutter Stock",22,UN 3295,"Alkylate, Gasoline component",5,,
25,UN 1202,"Cycle Oil, Gas Oil & Cutter Stock",23,No UN Number,"FAME, Fatty Acid Methyl Esters",5,,
25,UN 1202,"Cycle Oil, Gas Oil & Cutter Stock",24,UN 1170,"Ethanol, 100% EtOH, Ethyl Alcohol",6,,
25,UN 1202,"Cycle Oil, Gas Oil & Cutter Stock",25,UN 1202,"Cycle Oil, Gas Oil & Cutter Stock",1,,
25,UN 1202,"Cycle Oil, Gas Oil & Cutter Stock",26,No UN Number,"Vegetable Oils, MO, RO, PO, TO",21,,
25,UN 1202,"Cycle Oil, Gas Oil & Cutter Stock",27,UN 1202,Lube Base Oil ((not a finished Lubricant),21,,
25,UN 1202,"Cycle Oil, Gas Oil & Cutter Stock",28,Various,"Black Oil's inc: Crude Oil, Fuel Oil, Dirty Condensate, Waxy Dist',",21,,
26,No UN Number,"Vegetable Oils, MO, RO, PO, TO",1,UN1202,"AD10 - 10ppm Diesel fuel, ADO, AGO",6,,
26,No UN Number,"Vegetable Oils, MO, RO, PO, TO",2,UN 1202,"ULSD - 50ppm Diesel fuel, ADO, AGO",6,,
26,No UN Number,"Vegetable Oils, MO, RO, PO, TO",3,UN 1202,"Detergent Addivated, 10ppm Diesel fuel, V-Power Diesel",6,,
26,No UN Number,"Vegetable Oils, MO, RO, PO, TO",4,UN 1223 & 1202,"GTL Kero & Diesel, Synthetic Distillate",6,,
26,No UN Number,"Vegetable Oils, MO, RO, PO, TO",5,UN 1202,"Gas Oil 2000 ppm, Gasoil dyed, IGO, GOCI",5,,
26,No UN Number,"Vegetable Oils, MO, RO, PO, TO",6,UN 1202,"2000 ppm Gasoil undyed, IGO, GOCI",5,,
26,No UN Number,"Vegetable Oils, MO, RO, PO, TO",7,UN 1203,"10 ppm Gasoline,PU10, SU10, ULG",5,,
26,No UN Number,"Vegetable Oils, MO, RO, PO, TO",8,UN 1203,"50 ppm Gasoline, PU50, SU50, ULG",5,,
26,No UN Number,"Vegetable Oils, MO, RO, PO, TO",9,UN 1223,"Kerosene, Class C2 Burning Oil",5,,
26,No UN Number,"Vegetable Oils, MO, RO, PO, TO",10,UN 1223 & 1863,"Jet A1, AVTUR, Aviation Fuel",24,,
26,No UN Number,"Vegetable Oils, MO, RO, PO, TO",11,UN 1203,"AVGAS, 100LL, Aviation Fuel",24,,
26,No UN Number,"Vegetable Oils, MO, RO, PO, TO",12,UN 2398 & 1149,"MTBE & ETBE, Methyl & Ethyl Tertiary Butyl Ether",25,,
26,No UN Number,"Vegetable Oils, MO, RO, PO, TO",13,UN 1307,"Xylene, Xylenes-C8",25,,
26,No UN Number,"Vegetable Oils, MO, RO, PO, TO",14,UN 1294,Toluene,25,,
26,No UN Number,"Vegetable Oils, MO, RO, PO, TO",15,UN 3295,"Benzene Heart Cut, BHC, HCB",5,,
26,No UN Number,"Vegetable Oils, MO, RO, PO, TO",16,UN 1268,Natural Gas Condensate (crude feedstock),5,,
26,No UN Number,"Vegetable Oils, MO, RO, PO, TO",17,UN 3295,"PyGas, Pygas-tail, Pyrolysis Gasoline",5,,
26,No UN Number,"Vegetable Oils, MO, RO, PO, TO",18,UN 3295,"Cat Cracked Gasoline. LCCG, FRCCG",5,,
26,No UN Number,"Vegetable Oils, MO, RO, PO, TO",19,UN 3295,"Platformate, Reformate - Mogas or Chem",25,,
26,No UN Number,"Vegetable Oils, MO, RO, PO, TO",20,UN 1268,"Naphtha, Naphtha platfeed",5,,
26,No UN Number,"Vegetable Oils, MO, RO, PO, TO",21,UN 3295,"Isomerate, Gasoline component",5,,
26,No UN Number,"Vegetable Oils, MO, RO, PO, TO",22,UN 3295,"Alkylate, Gasoline component",5,,
26,No UN Number,"Vegetable Oils, MO, RO, PO, TO",23,No UN Number,"FAME, Fatty Acid Methyl Esters",2,,
26,No UN Number,"Vegetable Oils, MO, RO, PO, TO",24,UN 1170,"Ethanol, 100% EtOH, Ethyl Alcohol",6,,
26,No UN Number,"Vegetable Oils, MO, RO, PO, TO",25,UN 1202,"Cycle Oil, Gas Oil & Cutter Stock",5,,
26,No UN Number,"Vegetable Oils, MO, RO, PO, TO",26,No UN Number,"Vegetable Oils, MO, RO, PO, TO",21,,
26,No UN Number,"Vegetable Oils, MO, RO, PO, TO",27,UN 1202,Lube Base Oil ((not a finished Lubricant),21,,
26,No UN Number,"Vegetable Oils, MO, RO, PO, TO",28,Various,"Black Oil's inc: Crude Oil, Fuel Oil, Dirty Condensate, Waxy Dist',",21,,
27,UN 1202,Lube Base Oil ((not a finished Lubricant),1,UN1202,"AD10 - 10ppm Diesel fuel, ADO, AGO",6,,
27,UN 1202,Lube Base Oil ((not a finished Lubricant),2,UN 1202,"ULSD - 50ppm Diesel fuel, ADO, AGO",6,,
27,UN 1202,Lube Base Oil ((not a finished Lubricant),3,UN 1202,"Detergent Addivated, 10ppm Diesel fuel, V-Power Diesel",6,,
27,UN 1202,Lube Base Oil ((not a finished Lubricant),4,UN 1223 & 1202,"GTL Kero & Diesel, Synthetic Distillate",6,,
27,UN 1202,Lube Base Oil ((not a finished Lubricant),5,UN 1202,"Gas Oil 2000 ppm, Gasoil dyed, IGO, GOCI",5,,
27,UN 1202,Lube Base Oil ((not a finished Lubricant),6,UN 1202,"2000 ppm Gasoil undyed, IGO, GOCI",5,,
27,UN 1202,Lube Base Oil ((not a finished Lubricant),7,UN 1203,"10 ppm Gasoline,PU10, SU10, ULG",5,,
27,UN 1202,Lube Base Oil ((not a finished Lubricant),8,UN 1203,"50 ppm Gasoline, PU50, SU50, ULG",5,,
27,UN 1202,Lube Base Oil ((not a finished Lubricant),9,UN 1223,"Kerosene, Class C2 Burning Oil",5,,
27,UN 1202,Lube Base Oil ((not a finished Lubricant),10,UN 1223 & 1863,"Jet A1, AVTUR, Aviation Fuel",24,,
27,UN 1202,Lube Base Oil ((not a finished Lubricant),11,UN 1203,"AVGAS, 100LL, Aviation Fuel",24,,
27,UN 1202,Lube Base Oil ((not a finished Lubricant),12,UN 2398 & 1149,"MTBE & ETBE, Methyl & Ethyl Tertiary Butyl Ether",12,,
27,UN 1202,Lube Base Oil ((not a finished Lubricant),13,UN 1307,"Xylene, Xylenes-C8",12,,
27,UN 1202,Lube Base Oil ((not a finished Lubricant),14,UN 1294,Toluene,12,,
27,UN 1202,Lube Base Oil ((not a finished Lubricant),15,UN 3295,"Benzene Heart Cut, BHC, HCB",5,,
27,UN 1202,Lube Base Oil ((not a finished Lubricant),16,UN 1268,Natural Gas Condensate (crude feedstock),5,,
27,UN 1202,Lube Base Oil ((not a finished Lubricant),17,UN 3295,"PyGas, Pygas-tail, Pyrolysis Gasoline",5,,
27,UN 1202,Lube Base Oil ((not a finished Lubricant),18,UN 3295,"Cat Cracked Gasoline. LCCG, FRCCG",5,,
27,UN 1202,Lube Base Oil ((not a finished Lubricant),19,UN 3295,"Platformate, Reformate - Mogas or Chem",20,,
27,UN 1202,Lube Base Oil ((not a finished Lubricant),20,UN 1268,"Naphtha, Naphtha platfeed",5,,
27,UN 1202,Lube Base Oil ((not a finished Lubricant),21,UN 3295,"Isomerate, Gasoline component",5,,
27,UN 1202,Lube Base Oil ((not a finished Lubricant),22,UN 3295,"Alkylate, Gasoline component",5,,
27,UN 1202,Lube Base Oil ((not a finished Lubricant),23,No UN Number,"FAME, Fatty Acid Methyl Esters",5,,
27,UN 1202,Lube Base Oil ((not a finished Lubricant),24,UN 1170,"Ethanol, 100% EtOH, Ethyl Alcohol",6,,
27,UN 1202,Lube Base Oil ((not a finished Lubricant),25,UN 1202,"Cycle Oil, Gas Oil & Cutter Stock",5,,
27,UN 1202,Lube Base Oil ((not a finished Lubricant),26,No UN Number,"Vegetable Oils, MO, RO, PO, TO",21,,
27,UN 1202,Lube Base Oil ((not a finished Lubricant),27,UN 1202,Lube Base Oil ((not a finished Lubricant),21,,
27,UN 1202,Lube Base Oil ((not a finished Lubricant),28,Various,"Black Oil's inc: Crude Oil, Fuel Oil, Dirty Condensate, Waxy Dist',",21,,
28,Various,"Black Oil's inc: Crude Oil, Fuel Oil, Dirty Condensate, Waxy Dist',",1,UN1202,"AD10 - 10ppm Diesel fuel, ADO, AGO",24,,
28,Various,"Black Oil's inc: Crude Oil, Fuel Oil, Dirty Condensate, Waxy Dist',",2,UN 1202,"ULSD - 50ppm Diesel fuel, ADO, AGO",24,,
28,Various,"Black Oil's inc: Crude Oil, Fuel Oil, Dirty Condensate, Waxy Dist',",3,UN 1202,"Detergent Addivated, 10ppm Diesel fuel, V-Power Diesel",24,,
28,Various,"Black Oil's inc: Crude Oil, Fuel Oil, Dirty Condensate, Waxy Dist',",4,UN 1223 & 1202,"GTL Kero & Diesel, Synthetic Distillate",24,,
28,Various,"Black Oil's inc: Crude Oil, Fuel Oil, Dirty Condensate, Waxy Dist',",5,UN 1202,"Gas Oil 2000 ppm, Gasoil dyed, IGO, GOCI",24,,
28,Various,"Black Oil's inc: Crude Oil, Fuel Oil, Dirty Condensate, Waxy Dist',",6,UN 1202,"2000 ppm Gasoil undyed, IGO, GOCI",24,,
28,Various,"Black Oil's inc: Crude Oil, Fuel Oil, Dirty Condensate, Waxy Dist',",7,UN 1203,"10 ppm Gasoline,PU10, SU10, ULG",24,,
28,Various,"Black Oil's inc: Crude Oil, Fuel Oil, Dirty Condensate, Waxy Dist',",8,UN 1203,"50 ppm Gasoline, PU50, SU50, ULG",24,,
28,Various,"Black Oil's inc: Crude Oil, Fuel Oil, Dirty Condensate, Waxy Dist',",9,UN 1223,"Kerosene, Class C2 Burning Oil",24,,
28,Various,"Black Oil's inc: Crude Oil, Fuel Oil, Dirty Condensate, Waxy Dist',",10,UN 1223 & 1863,"Jet A1, AVTUR, Aviation Fuel",24,,
28,Various,"Black Oil's inc: Crude Oil, Fuel Oil, Dirty Condensate, Waxy Dist',",11,UN 1203,"AVGAS, 100LL, Aviation Fuel",24,,
28,Various,"Black Oil's inc: Crude Oil, Fuel Oil, Dirty Condensate, Waxy Dist',",12,UN 2398 & 1149,"MTBE & ETBE, Methyl & Ethyl Tertiary Butyl Ether",24,,
28,Various,"Black Oil's inc: Crude Oil, Fuel Oil, Dirty Condensate, Waxy Dist',",13,UN 1307,"Xylene, Xylenes-C8",24,,
28,Various,"Black Oil's inc: Crude Oil, Fuel Oil, Dirty Condensate, Waxy Dist',",14,UN 1294,Toluene,24,,
28,Various,"Black Oil's inc: Crude Oil, Fuel Oil, Dirty Condensate, Waxy Dist',",15,UN 3295,"Benzene Heart Cut, BHC, HCB",24,,
28,Various,"Black Oil's inc: Crude Oil, Fuel Oil, Dirty Condensate, Waxy Dist',",16,UN 1268,Natural Gas Condensate (crude feedstock),22,,
28,Various,"Black Oil's inc: Crude Oil, Fuel Oil, Dirty Condensate, Waxy Dist',",17,UN 3295,"PyGas, Pygas-tail, Pyrolysis Gasoline",24,,
28,Various,"Black Oil's inc: Crude Oil, Fuel Oil, Dirty Condensate, Waxy Dist',",18,UN 3295,"Cat Cracked Gasoline. LCCG, FRCCG",24,,
28,Various,"Black Oil's inc: Crude Oil, Fuel Oil, Dirty Condensate, Waxy Dist',",19,UN 3295,"Platformate, Reformate - Mogas or Chem",24,,
28,Various,"Black Oil's inc: Crude Oil, Fuel Oil, Dirty Condensate, Waxy Dist',",20,UN 1268,"Naphtha, Naphtha platfeed",24,,
28,Various,"Black Oil's inc: Crude Oil, Fuel Oil, Dirty Condensate, Waxy Dist',",21,UN 3295,"Isomerate, Gasoline component",24,,
28,Various,"Black Oil's inc: Crude Oil, Fuel Oil, Dirty Condensate, Waxy Dist',",22,UN 3295,"Alkylate, Gasoline component",24,,
28,Various,"Black Oil's inc: Crude Oil, Fuel Oil, Dirty Condensate, Waxy Dist',",23,No UN Number,"FAME, Fatty Acid Methyl Esters",24,,
28,Various,"Black Oil's inc: Crude Oil, Fuel Oil, Dirty Condensate, Waxy Dist',",24,UN 1170,"Ethanol, 100% EtOH, Ethyl Alcohol",24,,
28,Various,"Black Oil's inc: Crude Oil, Fuel Oil, Dirty Condensate, Waxy Dist',",25,UN 1202,"Cycle Oil, Gas Oil & Cutter Stock",24,,
28,Various,"Black Oil's inc: Crude Oil, Fuel Oil, Dirty Condensate, Waxy Dist',",26,No UN Number,"Vegetable Oils, MO, RO, PO, TO",24,,
28,Various,"Black Oil's inc: Crude Oil, Fuel Oil, Dirty Condensate, Waxy Dist',",27,UN 1202,Lube Base Oil ((not a finished Lubricant),24,,
28,Various,"Black Oil's inc: Crude Oil, Fuel Oil, Dirty Condensate, Waxy Dist',",28,Various,"Black Oil's inc: Crude Oil, Fuel Oil, Dirty Condensate, Waxy Dist',",21,,