regime_code,simple_statement,compatibility,compatibility_note,procedure_steps,water_type,original_instruction_1,original_instruction_2
1,Same or near-identical grade to the last cargo — load directly. No cleaning or draining needed.,TRUE,,1. No action required — load as is.,None,The grade to be loaded is identical or nearly identical to the previous cargo and no additional cleaning or draining is required.,
2,Previous cargo is acceptable — just drain the tanks and lines well before loading. No washing.,TRUE,,"1. Well drain cargo tank, pump columns and pipe lines using the ship's stripping system.
2. Keep any ROB only in the pump well (where fitted).
3. Clear and drain pump columns, pipe lines and drops of all free product and water.
4. Ensure ROB does not exceed 0.05% of individual tank capacity.",None (drain only),"Previous cargo is acceptable, so long as the cargo tank, pump columns and pipe lines are ""Well Drained"" by the ship's stripping system to minimise the ROB - any ROB that does remain should only ever be in the pump well, where fitted. Pump columns, pipe lines and drops should be cleared and drained free of all free-standing product and water. An ROB volume in excess of 0.05% of the Individual Tank capacity does not meet the well drained criteria.",
3,"Well drain, then cold sea-water machine wash; flush lines and drain.",TRUE,,"1. Well drain tank, pump columns and pipe lines (minimise ROB).
2. Machine wash the tank with cold sea water.
3. Water flush the lines.
4. Drain tank and lines of all free water/product.",Cold sea water,"On discharge, ensure that the cargo tank, pump columns and pipelines are ""Well Drained"" by the ship's stripping system to minimise the ROB then the cargo tank(s) are to be machine washed using cold sea-water, lines water flushed and both tank and lines drained well to remove all free-standing water/product.",
4,"As regime 3 (cold sea-water wash), then prepare tanks for entry and mop dry.",TRUE,,"1. Well drain tank, pump columns and pipe lines.
2. Machine wash the tank with cold sea water.
3. Water flush lines; drain tank and lines.
4. Prepare tanks for entry.
5. Meticulously drain pumps and lines; mop tanks dry.",Cold sea water,"On discharge, ensure that the cargo tank, pump columns and pipelines are ""Well Drained"" by the ship's stripping system to minimise the ROB then the cargo tank(s) are to be machine washed using cold sea-water, lines water flushed and both tank and lines drained well to remove all free-standing water/product. On completion tanks are to be prepared for entry, pumps and lines meticulously drained and tanks mopped dry.",
5,"Well drain, then hot sea-water machine wash; flush lines and drain.",TRUE,,"1. Well drain tank, pump columns and pipe lines.
2. Machine wash the tank with hot sea water.
3. Water flush the lines.
4. Drain tank and lines of all free water/product.",Hot sea water,"On discharge, ensure that the cargo tank, pump columns and pipelines are ""Well Drained"" by the ship's stripping system to minimise the ROB then the cargo tank(s) are to be machine washed using hot sea-water, lines water flushed and both tank and lines drained well to remove all free-standing water/product.",
6,"As regime 5 (hot sea-water wash), then prepare tanks for entry and mop dry.",TRUE,,"1. Well drain tank, pump columns and pipe lines.
2. Machine wash the tank with hot sea water.
3. Water flush lines; drain tank and lines.
4. Prepare tanks for entry.
5. Meticulously drain pumps and lines; mop tanks dry.",Hot sea water,"On discharge, ensure that the cargo tank, pump columns and pipelines are ""Well Drained"" by the ship's stripping system to minimise the ROB then the cargo tank(s) are to be machine washed using hot sea-water, lines water flushed and both tank and lines drained well to remove all free-standing water/product. On completion tanks are to be prepared for entry, pumps and lines meticulously drained and tanks mopped dry.",
7,Not covered here — refer to the black oil cleaning matrix or OTS/321.,N/A,Refer to black oil matrix / OTS/321.,1. Refer to the black oil cleaning matrix or STASCO OTS/321.,N/A,See black oil cleaning matrix or refer to OTS/321,
8,"Well drain. If the next grade is chemical, also cold sea-water wash, enter and mop dry.",TRUE,,"1. Well drain tank, pump columns and pipe lines; ROB only in pump well, <=0.05%.
2. Clear and drain pump columns, lines and drops of all free product and water.
3. If loading a chemical grade: machine wash with cold sea water and flush lines.
4. If chemical grade: prepare for entry, meticulously drain pumps/lines, mop dry.",None (drain) / Cold sea water if chemical grade,"On discharge, ensure the cargo tank, pump columns and pipe lines are ""Well Drained"" by the ship's stripping system to minimise the ROB - any ROB that does remain should only ever be in the pump well, where fitted. Pump columns, pipe lines and drops should be cleared and drained free of all free-standing product and water. An ROB volume in excess of 0.05% of the Individual Tank capacity does not meet the well drained criteria.","Where the grade to be loaded is a chemical grade, additionally cargo tank(s) are to be machine washed using cold sea-water, lines water flushed and both tank and lines drained well to remove all free-standing water/product. On completion tanks are to be prepared for entry, pumps and lines meticulously drained and tanks mopped dry."
9,"Well drain. If the next grade is chemical, also hot sea-water wash, enter and mop dry.",TRUE,,"1. Well drain tank, pump columns and pipe lines; ROB only in pump well, <=0.05%.
2. Clear and drain pump columns, lines and drops of all free product and water.
3. If loading a chemical grade: machine wash with hot sea water and flush lines.
4. If chemical grade: prepare for entry, meticulously drain pumps/lines, mop dry.",None (drain) / Hot sea water if chemical grade,"On discharge, ensure the cargo tank, pump columns and pipe lines are ""Well Drained"" by the ship's stripping system to minimise the ROB - any ROB that does remain should only ever be in the pump well, where fitted. Pump columns, pipe lines and drops should be cleared and drained free of all free-standing product and water. An ROB volume in excess of 0.05% of the Individual Tank capacity does not meet the well drained criteria.","Where the grade to be loaded is a chemical grade, additionally cargo tank(s) are to be machine washed using hot sea-water, lines water flushed and both tank and lines drained well to remove all free-standing water/product. On completion tanks are to be prepared for entry, pumps and lines meticulously drained and tanks mopped dry."
10,"Well drain, bottom flush or cold sea-water wash, then purge (<2% HC) or gas free (<40% LEL).",TRUE,,"1. Well drain tank, pump columns and pipe lines.
2. Bottom flush or machine wash with cold sea water.
3. Water flush lines; drain tank and lines.
4. If IG fitted, purge to <2% HC by volume; if not fitted, gas free to <40% LEL.",Cold sea water,"On discharge, ensure that the cargo tank, pump columns and pipelines are ""Well Drained"" by the ship's stripping system to minimise the ROB then the cargo tank(s) are to be bottom flushed or machine washed using cold sea-water, lines water flushed and both tank and lines drained well to remove all free-standing water/product. On completion, if inert gas is fitted purge to <2% HC by volume or if IG is not fitted, gas free to <40% LEL",
11,"Well drain, cold sea-water machine wash, then purge (<2% HC) or gas free (<40% LEL).",TRUE,,"1. Well drain tank, pump columns and pipe lines.
2. Machine wash with cold sea water.
3. Water flush lines; drain tank and lines.
4. If IG fitted, purge to <2% HC by volume; if not fitted, gas free to <40% LEL.",Cold sea water,"On discharge, ensure that the cargo tank, pump columns and pipelines are ""Well Drained"" by the ship's stripping system to minimise the ROB then the cargo tank(s) are to be machine washed using cold sea-water, lines water flushed and both tank and lines drained well to remove all free-standing water/product. On completion, if inert gas is fitted purge to <2% HC by volume or if IG is not fitted, gas free to <40% LEL",
12,"Well drain, hot sea-water wash. Chemical grade: enter and mop dry. Mogas blending: no mopping.",TRUE,,"1. Well drain tank, pump columns and pipe lines.
2. Machine wash with hot sea water; water flush lines; drain.
3. If chemical grade: prepare for entry, meticulously drain pumps/lines, mop dry.
4. If for Mogas blending: mopping not required.",Hot sea water,"On discharge, ensure that the cargo tank, pump columns and pipelines are ""Well Drained"" by the ship's stripping system to minimise the ROB then the cargo tank(s) are to be machine washed using hot sea-water, lines water flushed and both tank and lines drained well to remove all free-standing water/product.","If the product to be loaded is chemical grade, additionally, tanks are to be prepared for entry, pumps and lines meticulously drained and tanks mopped dry. If the product is to be used for Mogas blending, mopping is not required."
13,"Well drain and machine wash. Chemical grade: hot fresh water + mop. Mogas: cold sea water, no mop.",TRUE,,"1. Well drain tank, pump columns and pipe lines.
2. Machine wash the tank; water flush lines; drain.
3. If chemical grade: use hot fresh wash water; prepare for entry; meticulously drain; mop dry.
4. If for Mogas blending: use cold sea wash water; mopping not required.",Hot fresh water (chemical) / Cold sea water (Mogas),"On discharge, ensure that the cargo tank, pump columns and pipelines are ""Well Drained"" by the ship's stripping system to minimise the ROB then the cargo tank(s) are to be machine washed, lines water flushed and both tank and lines drained well to remove all free-standing water/product.","If the product to be loaded is chemical grade, the wash water should be hot and fresh and tanks are to be prepared for entry, pumps and lines meticulously drained and tanks mopped dry. If the product is to be used for Mogas blending, the wash water should be cold sea water and mopping is not required."
14,Well drain and cold machine wash. Chemical grade: fresh water. Mogas: sea water.,TRUE,,"1. Well drain tank, pump columns and pipe lines.
2. Cold machine wash the tank; water flush lines; drain.
3. If chemical grade: wash water should be fresh.
4. If for Mogas blending: wash water should be sea water.",Cold fresh water (chemical) / Cold sea water (Mogas),"On discharge, ensure that the cargo tank, pump columns and pipelines are ""Well Drained"" by the ship's stripping system to minimise the ROB then the cargo tank(s) are to be cold machine washed, lines water flushed and both tank and lines drained well to remove all free-standing water/product.","If the product to be loaded is chemical grade, the wash water should be fresh. If the product is to be used for Mogas blending, the wash water should be sea water."
15,"Well drain. If the previous grade held oxygenates/ethanol, also cold sea-water wash, enter and mop dry.",TRUE,,"1. Well drain tank, pump columns and pipe lines; ROB only in pump well, <=0.05%.
2. Clear and drain pump columns, lines and drops of all free product and water.
3. If previous grade held oxygenates (MTBE/ETBE) or ethanol: machine wash with cold sea water; flush lines; drain.
4. In that case: prepare for entry, meticulously drain, mop dry.",None (drain) / Cold sea water if oxygenates or ethanol present,"On discharge, ensure the cargo tank, pump columns and pipe lines are ""Well Drained"" by the ship's stripping system to minimise the ROB - any ROB that does remain should only ever be in the pump well, where fitted. Pump columns, pipe lines and drops should be cleared and drained free of all free-standing product and water. An ROB volume in excess of 0.05% of the Individual Tank capacity does not meet the well drained criteria.","Where the grade discharged has contained oxygenates (MTBE, ETBE) or ethanol, additionally cargo tank(s) are to be machine washed using cold sea-water, lines water flushed and both tank and lines drained well to remove all free-standing water/product. On completion tanks are to be prepared for entry, pumps and lines meticulously drained and tanks mopped dry."
16,"Well drain and cold sea-water wash. If the gasoline had no oxygenates, a sea-water bottom flush may replace the wash.",TRUE,,"1. Well drain tank, pump columns and pipe lines.
2. Machine wash with cold sea water; flush lines; drain.
3. If discharged gasoline had no oxygenates (MTBE/ETBE): a sea-water bottom flush may be used instead of the machine wash.",Cold sea water,"On discharge, ensure that the cargo tank, pump columns and pipelines are ""Well Drained"" by the ship's stripping system to minimise the ROB then the cargo tank(s) are to be machine washed using cold sea-water, lines water flushed and both tank and lines drained well to remove all free-standing water/product.","If the gasoline discharged has contained no oxygenates (MTBE, ETBE) a bottom flush with sea water may be used instead of the machine wash."
17,"Well drain and cold sea-water wash. If tank coatings are in good condition, a sea-water bottom flush may replace the wash.",TRUE,,"1. Well drain tank, pump columns and pipe lines.
2. Machine wash with cold sea water; flush lines; drain.
3. If tank coatings are in good condition: a sea-water bottom flush may be used instead of the machine wash.",Cold sea water,"On discharge, ensure that the cargo tank, pump columns and pipelines are ""Well Drained"" by the ship's stripping system to minimise the ROB then the cargo tank(s) are to be machine washed using cold sea-water, lines water flushed and both tank and lines drained well to remove all free-standing water/product.","If the tank coatings are in good condition, a bottom flush with sea water may be used instead of the machine wash."
18,If condensate is no darker than 2.5 NPA: well drain + hot sea-water wash + mop. If darker: NOT compatible with the aviation grade.,TRUE,Only if condensate is no darker than 2.5 NPA. Darker than 2.5 NPA is NOT compatible with the aviation grade to load.,"1. Check condensate colour — must be no darker than 2.5 NPA to be compatible.
2. Well drain tank, pump columns and pipe lines.
3. Machine wash with hot sea water; flush lines; drain.
4. Prepare for entry, meticulously drain, mop dry.",Hot sea water,"If the condensate to be discharged has a clour undarker than 2.5 NPA then on discharge, ensure that the cargo tank, pump columns and pipelines are ""Well Drained"" by the ship's stripping system to minimise the ROB then the cargo tank(s) are to be machine washed using hot sea-water, lines water flushed and both tank and lines drained well to remove all free-standing water/product. On completion tanks are to be prepared for entry, pumps and lines meticulously drained and tanks mopped dry.",Condensate darker than 2.5NPA is NOT COMPATIBLE with the aviation grade to be loaded.
19,"Well drain. If the next grade is chemical, also cold fresh-water wash.",TRUE,,"1. Well drain tank, pump columns and pipe lines; ROB only in pump well, <=0.05%.
2. Clear and drain pump columns, lines and drops of all free product and water.
3. If loading a chemical grade: machine wash with cold fresh water; flush lines; drain.",None (drain) / Cold fresh water if chemical grade,"On discharge, ensure the cargo tank, pump columns and pipe lines are ""Well Drained"" by the ship's stripping system to minimise the ROB - any ROB that does remain should only ever be in the pump well, where fitted. Pump columns, pipe lines and drops should be cleared and drained free of all free-standing product and water. An ROB volume in excess of 0.05% of the Individual Tank capacity does not meet the well drained criteria.","Where the grade to be loaded is a chemical grade, additionally cargo tank(s) are to be machine washed using cold fresh water, lines water flushed and both tank and lines drained well to remove all free-standing water/product."
20,Well drain and hot machine wash. Chemical grade: hot fresh water. Mogas: hot sea water.,TRUE,,"1. Well drain tank, pump columns and pipe lines.
2. Hot machine wash the tank; flush lines; drain.
3. If chemical grade: wash water should be hot fresh water.
4. If for Mogas blending: wash water should be hot sea water.",Hot fresh water (chemical) / Hot sea water (Mogas),"On discharge, ensure that the cargo tank, pump columns and pipelines are ""Well Drained"" by the ship's stripping system to minimise the ROB then the cargo tank(s) are to be hot machine washed, lines water flushed and both tank and lines drained well to remove all free-standing water/product.","If the product to be loaded is chemical grade, the wash water should be hot and fresh whereas if the product is to be used for Mogas blending, the wash water should be hot sea-water."
21,No cleaning regime available for this combination here — refer to STASCO OTS/321.,N/A,No regime available. Refer to OTS/321.,1. Refer to STASCO OTS/321.,N/A,No recommended cleaning regime available for this combination within this white oil cleaning reference. Please refer to STASCO OTS/321,
22,OK only if the condensate is for crude-oil feedstock (well drain). For any other use it is NOT compatible.,TRUE,"Compatible only if condensate is for crude-oil feedstock. For any other purpose: NOT compatible, do not load.","1. Confirm intended use — this regime applies only if the condensate is for crude-oil feedstock.
2. If crude-oil feedstock: well drain tank, pump columns and pipe lines; ROB only in pump well, <=0.05%.
3. Clear and drain pump columns, lines and drops of all free product and water.
4. For any other use: do NOT load — last cargo is not compatible.",None (drain only),"If the condensate loaded is for use as a crude oil feedstock, on discharge, ensure the cargo tank, pump columns and pipe lines are ""Well Drained"" by the ship's stripping system to minimise the ROB - any ROB that does remain should only ever be in the pump well, where fitted. Pump columns, pipe lines and drops should be cleared and drained free of all free-standing product and water. An ROB volume in excess of 0.05% of the Individual Tank capacity does not meet the well drained criteria.","If the condensate is to be used for any other purpose, the last cargo is ""Not Compatible"" with the product to be loaded and therefore the product should not be loaded into the tank(s)."
23,"If the next grade is not chemical, well drain and load. If chemical grade, NOT compatible.",TRUE,"Compatible only if grade to load is NOT chemical. Chemical grade: NOT compatible, do not load.","1. Confirm the grade to load. If chemical grade: do NOT load (not compatible).
2. If not a chemical grade: well drain tank, pump columns and pipe lines; ROB only in pump well, <=0.05%.
3. Clear and drain pump columns, lines and drops of all free product and water.",None (drain only),"If the product to be loaded is not a chemical grade the previous cargo is acceptable, so long as the cargo tank, pump columns and pipe lines are ""Well Drained"" by the ship's stripping system to minimise the ROB - any ROB that does remain should only ever be in the pump well, where fitted. Pump columns, pipe lines and drops should be cleared and drained free of all free-standing product and water. An ROB volume in excess of 0.05% of the individual tank capacity does not meet the well drained criteria.","If the product to be loaded is a chemical grade, the last cargo is ""Not Compatible"" with the product to be loaded and therefore the product should not be loaded into the tank(s)."
24,NOT compatible — do not load this product into the tank(s).,FALSE,Last cargo is not compatible with the product to load.,1. Do not load — last cargo is not compatible with the product to be loaded.,N/A,"The last cargo is ""Not Compatible"" with the product to be loaded and therefore the product should not be loaded into the tank(s).",
25,"If the next grade is not chemical, well drain + hot sea-water wash. If chemical grade, NOT compatible.",TRUE,"Compatible only if grade to load is NOT chemical. Chemical grade: NOT compatible, do not load.","1. Confirm the grade to load. If chemical grade: do NOT load (not compatible).
2. If not chemical: well drain tank, pump columns and pipe lines.
3. Machine wash with hot sea water; flush lines; drain.",Hot sea water,"If the product to be loaded is not a chemical grade, on discharge, ensure that the cargo tank, pump columns and pipelines are ""Well Drained"" by the ship's stripping system to minimise the ROB then the cargo tank(s) are to be machine washed using hot sea-water, lines water flushed and both tank and lines drained well to remove all free-standing water/product.","If the product to be loaded is a chemical grade, the last cargo is ""Not Compatible"" with the product to be loaded and therefore the product should not be loaded into the tank(s)."
26,"If the grade is for Mogas blending, well drain + cold sea-water wash. If chemical grade, NOT compatible.",TRUE,"Compatible only if grade to load is for Mogas blending. Chemical grade: NOT compatible, do not load.","1. Confirm the grade to load. If chemical grade: do NOT load (not compatible).
2. If for Mogas blending: well drain tank, pump columns and pipe lines.
3. Machine wash with cold sea water; flush lines; drain.",Cold sea water,"If the grade loaded is for use in mogas blending, on discharge, ensure that the cargo tank, pump columns and pipelines are ""Well Drained"" by the ship's stripping system to minimise the ROB then the cargo tank(s) are to be machine washed using cold sea-water, lines water flushed and both tank and lines drained well to remove all free-standing water/product.","If the product to be loaded is a chemical grade, the last cargo is ""Not Compatible"" with the product to be loaded and therefore the product should not be loaded into the tank(s)."
27,"Well drain and cold sea-water wash. If chemical grade, also enter and mop dry.",TRUE,,"1. Well drain tank, pump columns and pipe lines.
2. Machine wash with cold sea water; flush lines; drain.
3. If chemical grade: prepare for entry, meticulously drain pumps/lines, mop dry.",Cold sea water,"On discharge, ensure that the cargo tank, pump columns and pipelines are ""Well Drained"" by the ship's stripping system to minimise the ROB then the cargo tank(s) are to be machine washed using cold sea-water, lines water flushed and both tank and lines drained well to remove all free-standing water/product.","Where the grade to be loaded is a chemical grade, cargo tank(s) are to be machine washed using cold sea-water, lines water flushed and both tank and lines drained well to remove all free-standing water/product. On completion tanks are to be prepared for entry, pumps and lines meticulously drained and tanks mopped dry."
28,"Well drain, then bottom flush or cold sea-water machine wash; flush lines and drain.",TRUE,,"1. Well drain tank, pump columns and pipe lines.
2. Bottom flush or machine wash with cold sea water.
3. Water flush lines; drain tank and lines.",Cold sea water,"On discharge, ensure that the cargo tank, pump columns and pipelines are ""Well Drained"" by the ship's stripping system to minimise the ROB then the cargo tank(s) are to be bottom flushed or machine washed using cold sea-water, lines water flushed and both tank and lines drained well to remove all free-standing water/product.",
29,Input error — select exactly one discharged grade and one grade to load.,N/A,Not a cleaning regime — selection error.,1. Not a cleaning regime — re-check your grade selection.,N/A,Please check that you have selected one discharged grade and one grade to load.,
30,"Well drain, bottom flush or cold sea-water wash, then purge or gas free to remove all ethanol vapours.",TRUE,,"1. Well drain tank, pump columns and pipe lines.
2. Bottom flush or machine wash with cold sea water; flush lines; drain.
3. If IG fitted, purge; if not fitted, gas free — to remove all ethanol vapours.",Cold sea water,"On discharge, ensure that the cargo tank, pump columns and pipelines are ""Well Drained"" by the ship's stripping system to minimise the ROB then the cargo tank(s) are to be bottom flushed or machine washed using cold sea-water, lines water flushed and both tank and lines drained well to remove all free-standing water/product. On completion, if inert gas is fitted purge, or if IG is not fitted gas free to remove all ethanol vapours.",
