Cargo,Boiling point at atmospheric pressure (°C),Vapour pressure at 45°C (bar),Practical carriage conditions
n-butane,-0.5,4.3,"Fully-pressurised, semi-pressurised or fully-refrigerated"
iso-butane,-12,6.1,
Butadiene,-4.5,5.2,
Butene,-6,5.2,
Vinyl chloride,-13,6.9,
Ammonia,-33,17.7,
Propane,-42,15.6,
Propylene,-48,18.1,
Ethane,-89,Above critical temperature,Semi-pressurised or fully-refrigerated
Ethylene,-104,Above critical temperature,
Methane/LNG,-161,Above critical temperature,Fully-refrigerated