id,cargo_a_name,group__a_name,group_a_id,cargo_b_name,group_b_name,group_b_id,compatible,exception_type,appendix,section
1,Acetone,,18,Diethylenetriamine,,7,✅ TRUE,Compatible,I,I(a)
2,Acetone cyanohydrin,,0,Acetic acid,,4,✅ TRUE,Compatible,I,I(a)
3,Acrylonitrile,,15,Triethanolamine,,8,✅ TRUE,Compatible,I,I(a)
4,"1,3-Butylene glycol",,20,Morpholine,,7,✅ TRUE,Compatible,I,I(a)
5,"1,4-Butylene glycol",,20,Ethylamine,,7,✅ TRUE,Compatible,I,I(a)
6,"1,4-Butylene glycol",,20,Triethanolamine,,8,✅ TRUE,Compatible,I,I(a)
7,Caustic potash ≤50%,,5,Ethyl alcohol,,20,✅ TRUE,Compatible,I,I(a)
8,Caustic potash ≤50%,,5,Ethylene glycol,,20,✅ TRUE,Compatible,I,I(a)
9,Caustic potash ≤50%,,5,Isopropyl alcohol,,20,✅ TRUE,Compatible,I,I(a)
10,Caustic potash ≤50%,,5,Methyl alcohol,,20,✅ TRUE,Compatible,I,I(a)
11,Caustic potash ≤50%,,5,iso-Octyl alcohol,,20,✅ TRUE,Compatible,I,I(a)
12,Caustic soda ≤50%,,5,Butyl alcohol,,20,✅ TRUE,Compatible,I,I(a)
13,Caustic soda ≤50%,,5,"tert-Butyl alcohol, Methanol mixtures",,20,✅ TRUE,Compatible,I,I(a)
14,Caustic soda ≤50%,,5,Decyl alcohol,,20,✅ TRUE,Compatible,I,I(a)
15,Caustic soda ≤50%,,5,Diacetone alcohol,,20,✅ TRUE,Compatible,I,I(a)
16,Caustic soda ≤50%,,5,Diethylene glycol,,40,✅ TRUE,Compatible,I,I(a)
17,Caustic soda ≤50%,,5,Ethyl alcohol,,20,✅ TRUE,Compatible,I,I(a)
18,Caustic soda ≤50%,,5,"Ethyl alcohol (40%, whiskey)",,20,✅ TRUE,Compatible,I,I(a)
19,Caustic soda ≤50%,,5,Ethylene glycol,,20,✅ TRUE,Compatible,I,I(a)
20,Caustic soda ≤50%,,5,"Ethylene glycol, Diethylene glycol mixture",,20,✅ TRUE,Compatible,I,I(a)
21,Caustic soda ≤50%,,5,Ethyl hexanol (Octyl alcohol),,20,✅ TRUE,Compatible,I,I(a)
22,Caustic soda ≤50%,,5,Methyl alcohol,,20,✅ TRUE,Compatible,I,I(a)
23,Caustic soda ≤50%,,5,Nonyl alcohol,,20,✅ TRUE,Compatible,I,I(a)
24,Caustic soda ≤50%,,5,Propyl alcohol,,20,✅ TRUE,Compatible,I,I(a)
25,Caustic soda ≤50%,,5,Propylene glycol,,20,✅ TRUE,Compatible,I,I(a)
26,Caustic soda ≤50%,,5,Sodium chlorate,,0,✅ TRUE,Compatible,I,I(a)
27,Caustic soda ≤50%,,5,iso-Tridecanol,,20,✅ TRUE,Compatible,I,I(a)
28,Dodecyl/Tetradecylamine mixture,,7,"Tall oil, fatty acid",,34,✅ TRUE,Compatible,I,I(a)
29,Ethylenediamine,,7,Butyl alcohol,,20,✅ TRUE,Compatible,I,I(a)
30,Ethylenediamine,,7,tert-Butyl alcohol,,20,✅ TRUE,Compatible,I,I(a)
31,Ethylenediamine,,7,Butylene glycol,,20,✅ TRUE,Compatible,I,I(a)
32,Ethylenediamine,,7,Creosote,,21,✅ TRUE,Compatible,I,I(a)
33,Ethylenediamine,,7,Diethylene glycol,,40,✅ TRUE,Compatible,I,I(a)
34,Ethylenediamine,,7,Ethyl alcohol,,20,✅ TRUE,Compatible,I,I(a)
35,Ethylenediamine,,7,Ethylene glycol,,20,✅ TRUE,Compatible,I,I(a)
36,Ethylenediamine,,7,Ethyl hexanol,,20,✅ TRUE,Compatible,I,I(a)
37,Ethylenediamine,,7,Glycerine,,20,✅ TRUE,Compatible,I,I(a)
38,Ethylenediamine,,7,Isononyl alcohol,,20,✅ TRUE,Compatible,I,I(a)
39,Ethylenediamine,,7,Isophorone,,18,✅ TRUE,Compatible,I,I(a)
40,Ethylenediamine,,7,Methyl butyl ketone,,18,✅ TRUE,Compatible,I,I(a)
41,Ethylenediamine,,7,Methyl iso-butyl ketone,,18,✅ TRUE,Compatible,I,I(a)
42,Ethylenediamine,,7,Methyl ethyl ketone,,18,✅ TRUE,Compatible,I,I(a)
43,Ethylenediamine,,7,Propyl alcohol,,20,✅ TRUE,Compatible,I,I(a)
44,Ethylenediamine,,7,Propylene glycol,,20,✅ TRUE,Compatible,I,I(a)
45,Oleum,,0,Hexane,,31,✅ TRUE,Compatible,I,I(a)
46,Oleum,,0,Dichloromethane,,36,✅ TRUE,Compatible,I,I(a)
47,Oleum,,0,Perchloroethylene,,36,✅ TRUE,Compatible,I,I(a)
48,"1,2-Propylene glycol",,20,Diethylenetriamine,,7,✅ TRUE,Compatible,I,I(a)
49,"1,2-Propylene glycol",,20,Polyethylene polyamines,,7,✅ TRUE,Compatible,I,I(a)
50,"1,2-Propylene glycol",,20,Triethylenetetramine,,7,✅ TRUE,Compatible,I,I(a)
51,Sulfuric acid,,2,Coconut oil,,34,✅ TRUE,Compatible,I,I(a)
52,Sulfuric acid,,2,Coconut oil acid,,34,✅ TRUE,Compatible,I,I(a)
53,Sulfuric acid,,2,Palm oil,,34,✅ TRUE,Compatible,I,I(a)
54,Sulfuric acid,,2,Tallow,,34,✅ TRUE,Compatible,I,I(a)
55,Sulfuric acid ≤98%,,2,Choice white grease tallow,,34,✅ TRUE,Compatible,I,I(a)
56,Acetone cyanohydrin,,0,,Non-oxidizing Mineral Acids,1,❌ FALSE,Incompatible,I,I(b)
57,Acetone cyanohydrin,,0,,Sulphuric Acid,2,❌ FALSE,Incompatible,I,I(b)
58,Acetone cyanohydrin,,0,,Nitric Acid,3,❌ FALSE,Incompatible,I,I(b)
59,Acetone cyanohydrin,,0,,Organic Acids,4,❌ FALSE,Incompatible,I,I(b)
60,Acetone cyanohydrin,,0,,Caustics,5,❌ FALSE,Incompatible,I,I(b)
61,Acetone cyanohydrin,,0,,Ammonia,6,❌ FALSE,Incompatible,I,I(b)
62,Acetone cyanohydrin,,0,,Aliphatic Amines,7,❌ FALSE,Incompatible,I,I(b)
63,Acetone cyanohydrin,,0,,Alkanolamines,8,❌ FALSE,Incompatible,I,I(b)
64,Acetone cyanohydrin,,0,,Aromatic Amines,9,❌ FALSE,Incompatible,I,I(b)
65,Acetone cyanohydrin,,0,,Amides,10,❌ FALSE,Incompatible,I,I(b)
66,Acetone cyanohydrin,,0,,Organic Anhydrides,11,❌ FALSE,Incompatible,I,I(b)
67,Acetone cyanohydrin,,0,,Isocyanates,12,❌ FALSE,Incompatible,I,I(b)
68,Acetone cyanohydrin,,0,,Alkylene Oxides,16,❌ FALSE,Incompatible,I,I(b)
69,Acetone cyanohydrin,,0,,Epichlorohydrin,17,❌ FALSE,Incompatible,I,I(b)
70,Acetone cyanohydrin,,0,,Caprolactam Solution,22,❌ FALSE,Incompatible,I,I(b)
71,Acrolein,Aldehydes,19,,Non-oxidizing mineral acids,1,❌ FALSE,Incompatible,I,I(b)
72,Acrylic acid,Organic Acids,4,,Aromatic Amines,9,❌ FALSE,Incompatible,I,I(b)
73,Alkylbenzenesulfonic acid,Unassigned,0,,Non-oxidizing Mineral Acids,1,❌ FALSE,Incompatible,I,I(b)
74,Alkylbenzenesulfonic acid,Unassigned,0,,Sulphuric Acid,2,❌ FALSE,Incompatible,I,I(b)
75,Alkylbenzenesulfonic acid,Unassigned,0,,Nitric Acid,3,❌ FALSE,Incompatible,I,I(b)
76,Alkylbenzenesulfonic acid,Unassigned,0,,Caustics,5,❌ FALSE,Incompatible,I,I(b)
77,Alkylbenzenesulfonic acid,Unassigned,0,,Ammonia,6,❌ FALSE,Incompatible,I,I(b)
78,Alkylbenzenesulfonic acid,Unassigned,0,,Aliphatic Amines,7,❌ FALSE,Incompatible,I,I(b)
79,Alkylbenzenesulfonic acid,Unassigned,0,,Alkanolamines,8,❌ FALSE,Incompatible,I,I(b)
80,Alkylbenzenesulfonic acid,Unassigned,0,,Aromatic Amines,9,❌ FALSE,Incompatible,I,I(b)
81,Alkylbenzenesulfonic acid,Unassigned,0,,Substitute Allyls,15,❌ FALSE,Incompatible,I,I(b)
82,Alkylbenzenesulfonic acid,Unassigned,0,,Alkylene Oxides,16,❌ FALSE,Incompatible,I,I(b)
83,Alkylbenzenesulfonic acid,Unassigned,0,,Aldehydes,19,❌ FALSE,Incompatible,I,I(b)
84,Alkylbenzenesulfonic acid,Unassigned,0,,Olefins,30,❌ FALSE,Incompatible,I,I(b)
85,Alkylbenzenesulfonic acid,Unassigned,0,,Esters,34,❌ FALSE,Incompatible,I,I(b)
86,Alkylbenzenesulfonic acid,Unassigned,0,,Nitriles,37,❌ FALSE,Incompatible,I,I(b)
87,Allyl alcohol,Substitute Allyls,15,,Isocyanates,12,❌ FALSE,Incompatible,I,I(b)
88,Aluminum sulfate solution,Misc. Water Solutions,43,,Caustics,5,❌ FALSE,Incompatible,I,I(b)
89,Aluminum sulfate solution,Misc. Water Solutions,43,,Ammonia,6,❌ FALSE,Incompatible,I,I(b)
90,Aluminum sulfate solution,Misc. Water Solutions,43,,Aliphatic Amines,7,❌ FALSE,Incompatible,I,I(b)
91,Aluminum sulfate solution,Misc. Water Solutions,43,,Alkanolamines,8,❌ FALSE,Incompatible,I,I(b)
92,Aluminum sulfate solution,Misc. Water Solutions,43,,Aromatic Amines,9,❌ FALSE,Incompatible,I,I(b)
93,Aluminum sulfate solution,Misc. Water Solutions,43,,Amides,10,❌ FALSE,Incompatible,I,I(b)
94,Aluminum sulfate solution,Misc. Water Solutions,43,,Organic Anhydrides,11,❌ FALSE,Incompatible,I,I(b)
95,Ammonium bisulfite solution,Misc. Water Solutions,43,,Non-oxidizing Mineral Acids,1,❌ FALSE,Incompatible,I,I(b)
96,Ammonium bisulfite solution,Misc. Water Solutions,43,,Nitric Acid,3,❌ FALSE,Incompatible,I,I(b)
97,Ammonium bisulfite solution,Misc. Water Solutions,43,,Organic Acids,4,❌ FALSE,Incompatible,I,I(b)
98,Ammonium bisulfite solution,Misc. Water Solutions,43,,Caustics,5,❌ FALSE,Incompatible,I,I(b)
99,Benzenesulfonyl chloride,Unassigned,0,,Caustics,5,❌ FALSE,Incompatible,I,I(b)
100,Benzenesulfonyl chloride,Unassigned,0,,Ammonia,6,❌ FALSE,Incompatible,I,I(b)
101,Benzenesulfonyl chloride,Unassigned,0,,Aliphatic Amines,7,❌ FALSE,Incompatible,I,I(b)
102,Benzenesulfonyl chloride,Unassigned,0,,Misc.Water Solutions,43,❌ FALSE,Incompatible,I,I(b)
103,Gamma-Butyrolactone,Unassigned,0,,Non-oxidizing Mineral Acids,1,❌ FALSE,Incompatible,I,I(b)
104,Gamma-Butyrolactone,Unassigned,0,,Sulphuric Acid,2,❌ FALSE,Incompatible,I,I(b)
105,Gamma-Butyrolactone,Unassigned,0,,Nitric Acid,3,❌ FALSE,Incompatible,I,I(b)
106,Gamma-Butyrolactone,Unassigned,0,,Organic Acids,4,❌ FALSE,Incompatible,I,I(b)
107,Gamma-Butyrolactone,Unassigned,0,,Caustics,5,❌ FALSE,Incompatible,I,I(b)
108,Gamma-Butyrolactone,Unassigned,0,,Ammonia,6,❌ FALSE,Incompatible,I,I(b)
109,Gamma-Butyrolactone,Unassigned,0,,Aliphatic Amines,7,❌ FALSE,Incompatible,I,I(b)
110,Gamma-Butyrolactone,Unassigned,0,,Alkanolamines,8,❌ FALSE,Incompatible,I,I(b)
111,Gamma-Butyrolactone,Unassigned,0,,Aromatic Amines,9,❌ FALSE,Incompatible,I,I(b)
112,Crotonaldehyde,Aldehydes,19,,Non-oxidizing Mineral Acids,1,❌ FALSE,Incompatible,I,I(b)
113,Cyclohexanone/Cyclohexanol mixture,Ketones,18,,Isocyanates,12,❌ FALSE,Incompatible,I,I(b)
114,"2,4-Dichlorophenoxyacetic acid (Dimethylamine salt)",Unassigned,0,,Non-oxidizing Mineral Acids,1,❌ FALSE,Incompatible,I,I(b)
115,"2,4-Dichlorophenoxyacetic acid (Dimethylamine salt)",Unassigned,0,,Sulphuric Acid,2,❌ FALSE,Incompatible,I,I(b)
116,"2,4-Dichlorophenoxyacetic acid (Dimethylamine salt)",Unassigned,0,,Nitric Acid,3,❌ FALSE,Incompatible,I,I(b)
117,"2,4-Dichlorophenoxyacetic acid (Dimethylamine salt)",Unassigned,0,,Organic Acids,4,❌ FALSE,Incompatible,I,I(b)
118,"2,4-Dichlorophenoxyacetic acid (Dimethylamine salt)",Unassigned,0,,Caustics,5,❌ FALSE,Incompatible,I,I(b)
119,"2,4-Dichlorophenoxyacetic acid (Dimethylamine salt)",Unassigned,0,,Organic Anhydrides,11,❌ FALSE,Incompatible,I,I(b)
120,"2,4-Dichlorophenoxyacetic acid (Dimethylamine salt)",Unassigned,0,,Isocyanates,12,❌ FALSE,Incompatible,I,I(b)
121,"2,4-Dichlorophenoxyacetic acid (Dimethylamine salt)",Unassigned,0,,Alkylene Oxides,16,❌ FALSE,Incompatible,I,I(b)
122,"2,4-Dichlorophenoxyacetic acid (Triisopropanolamine salt)",Misc. Water Solutions,43,,Nitric Acid,3,❌ FALSE,Incompatible,I,I(b)
123,Dimethyl hydrogen phosphite,Esters,34,,Non-oxidizing Mineral Acids,1,❌ FALSE,Incompatible,I,I(b)
124,Dimethyl hydrogen phosphite,Esters,34,,Organic Acids,4,❌ FALSE,Incompatible,I,I(b)
125,Dimethyl naphthalene sulfonic acid (sodium salt),Esters,34,,Aldehydes (Formaldehyde),19,❌ FALSE,Incompatible,I,I(b)
126,Dodecylbenzenesulfonic acid,Unassigned,0,,Non-oxidizing Mineral Acids,1,❌ FALSE,Incompatible,I,I(b)
127,Dodecylbenzenesulfonic acid,Unassigned,0,,Sulphuric Acid,2,❌ FALSE,Incompatible,I,I(b)
128,Dodecylbenzenesulfonic acid,Unassigned,0,,Nitric Acid,3,❌ FALSE,Incompatible,I,I(b)
129,Dodecylbenzenesulfonic acid,Unassigned,0,,Caustics,5,❌ FALSE,Incompatible,I,I(b)
130,Dodecylbenzenesulfonic acid,Unassigned,0,,Ammonia,6,❌ FALSE,Incompatible,I,I(b)
131,Dodecylbenzenesulfonic acid,Unassigned,0,,Aliphatic Amines,7,❌ FALSE,Incompatible,I,I(b)
132,Dodecylbenzenesulfonic acid,Unassigned,0,,Alkanolamines,8,❌ FALSE,Incompatible,I,I(b)
133,Dodecylbenzenesulfonic acid,Unassigned,0,,Aromatic Amines,9,❌ FALSE,Incompatible,I,I(b)
134,Dodecylbenzenesulfonic acid,Unassigned,0,,Substitute Allyls,15,❌ FALSE,Incompatible,I,I(b)
135,Dodecylbenzenesulfonic acid,Unassigned,0,,Alkylene Oxides,16,❌ FALSE,Incompatible,I,I(b)
136,Dodecylbenzenesulfonic acid,Unassigned,0,,Aldehydes,19,❌ FALSE,Incompatible,I,I(b)
137,Dodecylbenzenesulfonic acid,Unassigned,0,,Olefins,30,❌ FALSE,Incompatible,I,I(b)
138,Dodecylbenzenesulfonic acid,Unassigned,0,,Esters,34,❌ FALSE,Incompatible,I,I(b)
139,Dodecylbenzenesulfonic acid,Unassigned,0,,Nitriles,37,❌ FALSE,Incompatible,I,I(b)
140,Ethyl chlorothioformate,Unassigned,0,,Caustics,5,❌ FALSE,Incompatible,I,I(b)
141,Ethyl chlorothioformate,Unassigned,0,,Ammonia,6,❌ FALSE,Incompatible,I,I(b)
142,Ethyl chlorothioformate,Unassigned,0,,Aliphatic Amines,7,❌ FALSE,Incompatible,I,I(b)
143,Ethyl chlorothioformate,Unassigned,0,,Alkanolamines,8,❌ FALSE,Incompatible,I,I(b)
144,Ethyl chlorothioformate,Unassigned,0,,Aromatic Amines,9,❌ FALSE,Incompatible,I,I(b)
145,Ethylenediamine,Aliphatic Amines,7,Ethylene dichloride,Halogenated Hydrocarbons,36,❌ FALSE,Incompatible,I,I(b)
146,Ethylene dichloride,Halogenated Hydrocarbons,36,Ethylenediamine,Aliphatic Amines,7,❌ FALSE,Incompatible,I,I(b)
147,Fish oil,Esters,34,,Sulphuric Acid,2,❌ FALSE,Incompatible,I,I(b)
148,Oleum,Unassigned,0,,Sulphuric Acid,2,❌ FALSE,Incompatible,I,I(b)
149,Oleum,Unassigned,0,"1,1,1-Trichloroethane",Halogenated Hydrocarbons,36,❌ FALSE,Incompatible,I,I(b)
150,Sulphuric Acid,Sulphuric Acid,2,Fish oil,Esters,34,❌ FALSE,Incompatible,I,I(b)
151,Sulphuric Acid,Sulphuric Acid,2,Oleum,Unassigned,0,❌ FALSE,Incompatible,I,I(b)
152,Tallow fatty acid,Esters,34,,Caustics,5,❌ FALSE,Incompatible,I,I(b)
153,"1,1,1-Trichloroethane",Halogenated Hydrocarbons,36,Oleum,Unassigned,0,❌ FALSE,Incompatible,I,I(b)
154,Trichloroethylene,Halogenated Hydrocarbons,36,,Caustics,5,❌ FALSE,Incompatible,I,I(b)
155,Triethyl phosphite,Esters,34,,Non-oxidizing Mineral Acids,1,❌ FALSE,Incompatible,I,I(b)
156,Triethyl phosphite,Esters,34,,Organic Acids,4,❌ FALSE,Incompatible,I,I(b)
157,Trimethyl phosphite,Esters,34,,Non-oxidizing Mineral Acids,1,❌ FALSE,Incompatible,I,I(b)
158,Trimethyl phosphite,Esters,34,,Organic Acids,4,❌ FALSE,Incompatible,I,I(b)
