Gases,RELATIVE VAPOUR DENSITIES,,,,,
,,,,,,
AIR,1.00,,UNIT  -  KG / CUB.M,,,
NITROGEN,0.97,,AT STANDARD CONDITIONS  -  0 DEG C; ,,,
INERT GAS,1.04,,,,,"1,033 BARS"
ACETALDEHYDE *,1.52,,* AT 20 DEG C,,,
AMMONIA ( ANHYDROUS ),0.60,,,,,
BUTADIENE ( INHIBITED ),1.88,,,,,
BUTANES,2.00,,,,,
BUTENES,1.94,,,,,
CHLORINE,2.49,,,,,
DIETHYL ETHER,2.55,,,,,
DIMETHYLAMINE,1.55,,,,,
ETHANE,1.05,,,,,
ETHYLAMINE,1.56,,,,,
ETHYL CHLORIDE,2.20,,,,,
ETHYLENE,0.98,,,,,
ETHYLENE OXIDE,1.52,,,,,
ISOPRENE ( INHIBITED ),2.40,,,,,
ISOPROPYLAMINE,2.03,,,,,
METHANE / LNG,0.55,,,,,
MAPP GAS,1.48,,,,,
METHYL BROMIDE,3.30,,,,,
METHYL CHLORIDE,1.79,,,,,
PENTANES ( ALL ISOMERS ),2.50,,,,,
PENTENE ( ALL ISOMERS ),2.40,,,,,
PROPANE,1.55,,,,,
PROPYLENE,1.48,,,,,
PROPYLENE OXIDE,2.00,,,,,
SULPHUR DIOXIDE,2.30,,,,,
VINYL CHLORIDE,2.15,,,,,
VINYL ETHYL ETHER ,2.50,,,,,
VINYLIDENE CHLORIDE ,3.40,,,,,